match_id,sport,name,league,start_date,num_odds_updates,num_incidents_total,num_points,reached_settlement,has_kalshi_match,kalshi_event,num_kalshi_quote_polls,num_kalshi_quote_changes,num_kalshi_trades,overlap_minutes,data_quality_flags
01a0080b-0fb4-7097-a300-9317573530ae,CounterStrike,Misa vs BOJONG,ESEA Advanced EU,2026-08-28T15:00:00Z,23,0,0,True,True,KXCS2GAME-26AUG281100BOJMIS,31266.0,399.0,131.0,544.5015738928666,
019ffd4f-9e0a-7f63-9020-260fc849d395,CounterStrike,Natus Vincere Junior vs Dark Moon,ESEA Advanced EU,2026-08-29T18:00:00Z,5,1,0,False,True,KXCS2GAME-26AUG291400DMNAVIJ,84468.0,580.0,6.0,1443.4890480050667,no_settlement_seen
019fee1d-2a25-7750-a536-cb0be7f6e3d1,CounterStrike,Bushido Wildcats vs JUMBO,ESEA Advanced EU,2026-08-26T16:00:00Z,1,0,0,True,False,,,,,,thin_trading(<5 updates)
01a045b3-2474-7e19-9d37-10cc11a4451b,Fifa,Vocko vs ZORO,Champions League B 2x6,2026-08-28T15:50:00Z,36,52,52,True,False,,,,,,
01a045b3-45ff-7b28-a848-8c37a2881ac9,Fifa,mica22 vs Buu,Champions League B 2x6,2026-08-28T15:50:00Z,33,65,65,True,False,,,,,,
01a045b2-bfa8-735d-b637-ddc22eef60d6,Fifa,Duka vs Lx7ss,World Cup B,2026-08-28T15:56:00Z,48,46,46,True,False,,,,,,
01a045b2-e668-73cf-aff4-efc581c4d4fb,Fifa,Hristian05 vs Qnko,World Cup B,2026-08-28T15:56:00Z,43,44,44,True,False,,,,,,
01a045b2-130f-74bb-b2f0-de730019f601,Fifa,llulle vs Cira,Champions League A,2026-08-28T15:59:00Z,71,46,46,True,False,,,,,,
01a045b2-3ad6-7221-97c0-856b22a2dbd2,Fifa,Jankulovski vs pikalicaaa,Champions League A,2026-08-28T15:59:00Z,69,43,43,True,False,,,,,,
01a045b1-b385-79a3-81f0-729ed801920b,Fifa,Cofi111 vs chevare,Super Lig,2026-08-28T16:02:00Z,82,45,45,True,False,,,,,,
01a045b1-b94e-7a9e-9d55-ee9bac72a4bf,Fifa,hit vs lzrn,Super Lig,2026-08-28T16:02:00Z,86,53,53,True,False,,,,,,
01a03c43-83c8-7776-8fe8-0feca37603c5,Fifa,Virtual_6 vs Virtual_3,Champions League (Virtual eComp),2026-08-28T16:02:00Z,76,37,37,True,False,,,,,,
01a03c45-08af-77a2-8123-9e1680153031,Fifa,Virtual_12 vs Virtual_13,CONMEBOL Libertadores (Virtual eComp),2026-08-28T16:02:00Z,57,22,22,True,False,,,,,,
01a045b3-4c16-7b83-8d49-50c720b5d459,Fifa,Buu vs Vocko,Champions League B 2x6,2026-08-28T16:08:00Z,105,70,70,True,False,,,,,,
01a045b3-8a71-78ad-82e1-8a4045c059ed,Fifa,ZORO vs DEKSON,Champions League B 2x6,2026-08-28T16:08:00Z,105,36,36,True,False,,,,,,
01a045b3-385d-7f39-bacb-eb35107198f0,Fifa,Qnko vs Badema,World Cup B,2026-08-28T16:08:00Z,78,43,43,True,False,,,,,,
01a045b3-2769-7ca7-a1ab-0e998c042c95,Fifa,Lx7ss vs Hristian05,World Cup B,2026-08-28T16:08:00Z,82,55,55,True,False,,,,,,
01a0429e-ca46-70f5-8269-8de5339083a7,Fifa,Dreamer vs L1genda,Volta International A,2026-08-28T16:10:00Z,85,23,23,True,False,,,,,,
01a0429e-dc94-7c94-9392-c4afeb85f8f8,Fifa,pimchik vs Sheva,Volta International A,2026-08-28T16:10:00Z,85,17,17,True,False,,,,,,
01a045b2-42e4-7840-8e5c-6504590cc1a9,Fifa,pikalicaaa vs llulle,Champions League A,2026-08-28T16:11:00Z,67,40,40,True,False,,,,,,
01a045b2-4eca-7da1-bd5d-f840156585ee,Fifa,Cira vs Bosko,Champions League A,2026-08-28T16:11:00Z,67,32,32,True,False,,,,,,
01a045b1-b329-747c-b27a-2971355fba54,Fifa,chevare vs hit,Super Lig,2026-08-28T16:14:00Z,70,47,47,True,False,,,,,,
01a045b1-be6b-7ce2-856f-415ee337bb8d,Fifa,lzrn vs Dicca,Super Lig,2026-08-28T16:14:00Z,91,65,65,True,False,,,,,,
01a03c44-fc16-7dec-a6a0-41852d96e989,Fifa,Virtual_14 vs Virtual_15,CONMEBOL Libertadores (Virtual eComp),2026-08-28T16:14:00Z,63,31,31,True,False,,,,,,
01a03c43-98c7-71f4-ad8b-a07590bca836,Fifa,Virtual_2 vs Virtual_7,Champions League (Virtual eComp),2026-08-28T16:14:00Z,76,29,29,True,False,,,,,,
01a0429e-d323-709a-af66-e68964024edd,Fifa,L1genda vs Kolesya,Volta International A,2026-08-28T16:19:00Z,81,17,17,True,False,,,,,,
01a0429e-cb29-7f94-81c1-bb571ddcbca1,Fifa,Sheva vs Dreamer,Volta International A,2026-08-28T16:19:00Z,86,20,20,True,False,,,,,,
01a045b2-a57a-7886-a995-a135c5416147,Fifa,Lx7ss vs Badema,World Cup B,2026-08-28T16:20:00Z,76,45,45,True,False,,,,,,
01a045b2-a4ab-705e-98d7-339174a56f6e,Fifa,Duka vs Hristian05,World Cup B,2026-08-28T16:20:00Z,68,38,38,True,False,,,,,,
01a045b2-93f2-7baf-a55f-1dc029d94891,Fifa,llulle vs Jankulovski,Champions League A,2026-08-28T16:23:00Z,77,48,48,True,False,,,,,,
01a045b2-3a7c-73a8-ac6e-659e95bbf2de,Fifa,Bosko vs pikalicaaa,Champions League A,2026-08-28T16:23:00Z,64,36,36,True,False,,,,,,
01a045b3-9cac-78f2-9bfc-f2a2f8fa68ab,Fifa,DEKSON vs Buu,Champions League B 2x6,2026-08-28T16:26:00Z,83,47,47,True,False,,,,,,
01a045b3-5fd8-798b-bef5-52316cbf2063,Fifa,Vocko vs mica22,Champions League B 2x6,2026-08-28T16:26:00Z,147,63,63,True,False,,,,,,
01a045b1-afc7-7fdf-8786-741413ffefd8,Fifa,Dicca vs chevare,Super Lig,2026-08-28T16:26:00Z,109,75,75,True,False,,,,,,
01a045b1-c8da-7919-9a5c-30ab307b6249,Fifa,hit vs Cofi111,Super Lig,2026-08-28T16:26:00Z,76,44,44,True,False,,,,,,
01a03c45-0daa-76c7-a26d-d8cd87844e2d,Fifa,Virtual_13 vs Virtual_16,CONMEBOL Libertadores (Virtual eComp),2026-08-28T16:26:00Z,60,23,23,True,False,,,,,,
01a03c43-86e3-7a41-89ce-e6d39f6506e4,Fifa,Virtual_4 vs Virtual_6,Champions League (Virtual eComp),2026-08-28T16:26:00Z,68,33,33,True,False,,,,,,
01a0429e-cb39-7c48-af13-a52a4969b666,Fifa,Kolesya vs Sheva,Volta International A,2026-08-28T16:28:00Z,103,32,32,True,False,,,,,,
01a0429e-d672-70a6-b99c-367e8ea0d48d,Fifa,Dreamer vs pimchik,Volta International A,2026-08-28T16:28:00Z,94,29,29,True,False,,,,,,
01a045b2-b719-7c32-b543-fc0b341dd350,Fifa,Qnko vs Lx7ss,World Cup B,2026-08-28T16:32:00Z,85,58,58,True,False,,,,,,
01a045b2-eb11-7632-9a66-8927ad5e041b,Fifa,Badema vs Duka,World Cup B,2026-08-28T16:32:00Z,88,41,41,True,False,,,,,,
01a045b2-3a22-7a2a-a115-18cc3ab4d13f,Fifa,Bosko vs Jankulovski,Champions League A,2026-08-28T16:35:00Z,78,54,54,True,False,,,,,,
01a045b2-5a8c-7978-b3ca-310eed2de51b,Fifa,Cira vs pikalicaaa,Champions League A,2026-08-28T16:35:00Z,80,54,54,True,False,,,,,,
01a0429e-d28d-744f-8b81-8c3d8a603577,Fifa,pimchik vs Kolesya,Volta International A,2026-08-28T16:37:00Z,96,21,21,True,False,,,,,,
01a0429e-d6d9-78de-95c3-54aa052f364b,Fifa,Sheva vs L1genda,Volta International A,2026-08-28T16:37:00Z,87,16,16,True,False,,,,,,
01a03c45-16ed-7771-b3b2-450154442b84,Fifa,Virtual_17 vs Virtual_12,CONMEBOL Libertadores (Virtual eComp),2026-08-28T16:38:00Z,70,34,34,True,False,,,,,,
01a045b1-b752-7060-8e36-24bb6379a896,Fifa,Cofi111 vs Dicca,Super Lig,2026-08-28T16:38:00Z,74,45,45,True,False,,,,,,
01a045b1-d4f5-74f3-9cd0-6a37dc7f5893,Fifa,chevare vs lzrn,Super Lig,2026-08-28T16:38:00Z,79,46,46,True,False,,,,,,
01a03c43-7908-7090-9369-3543c2a80ee9,Fifa,Virtual_7 vs Virtual_3,Champions League (Virtual eComp),2026-08-28T16:38:00Z,72,35,35,True,False,,,,,,
01a045b3-62ae-72f8-96fd-040db97ebaef,Fifa,Hristian05 vs Badema,World Cup B,2026-08-28T16:44:00Z,79,37,37,True,False,,,,,,
01a045b3-a1d2-764c-a1b3-1ce0a0068933,Fifa,Buu vs ZORO,Champions League B 2x6,2026-08-28T16:44:00Z,154,86,86,True,False,,,,,,
01a045b3-3093-74fc-8897-9e8a7175562f,Fifa,Duka vs Qnko,World Cup B,2026-08-28T16:44:00Z,86,56,56,True,False,,,,,,
01a045b3-8562-7fb6-a700-6eeacfd62fba,Fifa,mica22 vs DEKSON,Champions League B 2x6,2026-08-28T16:44:00Z,80,42,42,True,False,,,,,,
01a0429e-d37e-7557-90c9-5a75875a7ca3,Fifa,Kolesya vs Dreamer,Volta International A,2026-08-28T16:46:00Z,86,23,23,True,False,,,,,,
01a0429e-cd20-7e7b-96c7-d59e50555a21,Fifa,L1genda vs pimchik,Volta International A,2026-08-28T16:46:00Z,89,23,23,True,False,,,,,,
01a045b2-2751-7d00-9835-34d42164b546,Fifa,llulle vs Bosko,Champions League A,2026-08-28T16:47:00Z,74,35,35,True,False,,,,,,
01a045b2-1b42-7218-aa26-5af871555954,Fifa,Jankulovski vs Cira,Champions League A,2026-08-28T16:47:00Z,64,32,32,True,False,,,,,,
01a045b1-b1cb-7e1d-9e51-d1282946c939,Fifa,Cofi111 vs lzrn,Super Lig,2026-08-28T16:50:00Z,85,52,52,True,False,,,,,,
01a03c43-98f0-78ae-80f3-a82f6d47bc9f,Fifa,Virtual_1 vs Virtual_2,Premier League (Virtual eComp),2026-08-28T16:50:00Z,77,37,37,True,False,,,,,,
01a045b1-be83-735e-9aa6-77e6dde1cba6,Fifa,hit vs Dicca,Super Lig,2026-08-28T16:50:00Z,72,40,40,True,False,,,,,,
01a03c44-fb54-749f-8a41-9a42b839d96c,Fifa,Virtual_15 vs Virtual_16,CONMEBOL Libertadores (Virtual eComp),2026-08-28T16:50:00Z,74,43,43,True,False,,,,,,
01a0429e-d1f4-794a-bc92-0c4f645b8777,Fifa,Sheva vs pimchik,Volta International A,2026-08-28T16:55:00Z,90,24,24,True,False,,,,,,
01a0429e-cc83-747c-aa1a-1fb27cc3e03f,Fifa,L1genda vs Dreamer,Volta International A,2026-08-28T16:55:00Z,87,25,25,True,False,,,,,,
01a045b2-8ecb-7635-87db-19eb87be9cd5,Fifa,Qnko vs Hristian05,World Cup B,2026-08-28T16:56:00Z,80,46,46,True,False,,,,,,
01a045b2-99b4-70e3-93a9-aed9c6158189,Fifa,Lx7ss vs Duka,World Cup B,2026-08-28T16:56:00Z,72,43,43,True,False,,,,,,
01a045b2-1a79-750e-84cb-a2ca75f5610e,Fifa,pikalicaaa vs Jankulovski,Champions League A,2026-08-28T16:59:00Z,83,56,56,True,False,,,,,,
01a045b2-5968-7764-91da-1706fdcd54dd,Fifa,Cira vs llulle,Champions League A,2026-08-28T16:59:00Z,79,51,51,True,False,,,,,,
01a03c45-15a1-7318-8315-f244c152148f,Fifa,Virtual_10 vs Virtual_14,CONMEBOL Libertadores (Virtual eComp),2026-08-28T17:02:00Z,66,32,32,True,False,,,,,,
01a045b3-76c0-73fc-925f-c36349716459,Fifa,ZORO vs mica22,Champions League B 2x6,2026-08-28T17:02:00Z,90,54,54,True,False,,,,,,
01a045b3-2fae-7854-bcca-d7d586ab13d3,Fifa,DEKSON vs Vocko,Champions League B 2x6,2026-08-28T17:02:00Z,139,54,54,True,False,,,,,,
01a03c43-7744-71e0-b4b3-08aaaf3fc48e,Fifa,Virtual_3 vs Virtual_4,Premier League (Virtual eComp),2026-08-28T17:02:00Z,76,21,21,True,False,,,,,,
01a045b1-be46-7b45-98df-2b95cffb61b1,Fifa,lzrn vs hit,Super Lig,2026-08-28T17:02:00Z,68,34,34,True,False,,,,,,
01a045b1-bcbc-7eea-88a1-5b2a04afca2b,Fifa,chevare vs Cofi111,Super Lig,2026-08-28T17:02:00Z,90,63,63,True,False,,,,,,
01a0429e-cfd2-73c8-9a71-281de2bbb5f8,Fifa,Dreamer vs Sheva,Volta International A,2026-08-28T17:04:00Z,93,32,32,True,False,,,,,,
01a0429e-d6bc-7093-b249-b1cc54e82377,Fifa,Kolesya vs L1genda,Volta International A,2026-08-28T17:04:00Z,66,13,0,True,False,,,,,,
01a045b2-b139-7828-b552-56e2095e5db3,Fifa,Badema vs Qnko,World Cup B,2026-08-28T17:08:00Z,80,48,48,True,False,,,,,,
01a045b2-b1c4-7c1b-9e07-f1c70ae08d82,Fifa,Hristian05 vs Lx7ss,World Cup B,2026-08-28T17:08:00Z,69,37,37,True,False,,,,,,
01a045b2-568b-70ff-8140-b28f8441387c,Fifa,Bosko vs Cira,Champions League A,2026-08-28T17:11:00Z,98,49,49,True,False,,,,,,
01a045b2-460f-78cd-bb21-b44a7a103ae3,Fifa,llulle vs pikalicaaa,Champions League A,2026-08-28T17:11:00Z,65,30,30,True,False,,,,,,
01a0429e-d884-7a08-a9e4-75f7adea1e4d,Fifa,pimchik vs Dreamer,Volta International A,2026-08-28T17:13:00Z,82,20,20,True,False,,,,,,
01a0429e-d052-7b70-99d1-17567efee874,Fifa,Sheva vs Kolesya,Volta International A,2026-08-28T17:13:00Z,85,17,17,True,False,,,,,,
01a03c43-6d5a-737f-9e26-f4096cf70456,Fifa,Virtual_2 vs Virtual_5,Premier League (Virtual eComp),2026-08-28T17:14:00Z,90,39,39,True,False,,,,,,
01a03c44-ff9c-7bfc-bd44-7672e0a140c7,Fifa,Virtual_11 vs Virtual_13,CONMEBOL Libertadores (Virtual eComp),2026-08-28T17:14:00Z,56,24,24,True,False,,,,,,
01a045b1-e23f-75db-9dd7-2f37677f1e4a,Fifa,Dicca vs lzrn,Super Lig,2026-08-28T17:14:00Z,75,47,47,True,False,,,,,,
01a045b1-b0fa-7a8e-afb0-a1e5b784966f,Fifa,hit vs chevare,Super Lig,2026-08-28T17:14:00Z,104,67,67,True,False,,,,,,
01a0429e-d9a9-7ece-889d-d249b072f463,Fifa,L1genda vs Sheva,Volta International A,2026-08-28T17:22:00Z,84,20,20,True,False,,,,,,
01a0429e-cf40-7c67-8d24-fff95f3340d4,Fifa,Kolesya vs pimchik,Volta International A,2026-08-28T17:22:00Z,80,23,23,True,False,,,,,,
01a045b2-63ca-7ad9-85a4-95408b6f8bed,Fifa,Jankulovski vs llulle,Champions League A,2026-08-28T17:23:00Z,69,31,31,True,False,,,,,,
01a045b2-4868-7941-9c03-0bbba704531b,Fifa,pikalicaaa vs Bosko,Champions League A,2026-08-28T17:23:00Z,87,54,54,True,False,,,,,,
01a045b1-ee66-7197-9331-340aa0c5bb83,Fifa,Cofi111 vs hit,Super Lig,2026-08-28T17:26:00Z,72,42,42,True,False,,,,,,
01a03c45-0b83-7ab2-b29a-f97502673567,Fifa,Virtual_14 vs Virtual_12,CONMEBOL Libertadores (Virtual eComp),2026-08-28T17:26:00Z,51,15,15,True,False,,,,,,
01a03c43-a0a7-7fa1-9745-b8b9c5dea3a4,Fifa,Virtual_1 vs Virtual_6,Premier League (Virtual eComp),2026-08-28T17:26:00Z,91,48,48,True,False,,,,,,
01a045b1-c519-7f52-8326-8d135d7215a0,Fifa,chevare vs Dicca,Super Lig,2026-08-28T17:26:00Z,68,36,36,True,False,,,,,,
01a045b3-cce9-7a1e-ae99-9354895cfb8a,Fifa,Buu vs mica22,Champions League B 2x6,2026-08-28T17:30:00Z,172,80,80,True,False,,,,,,
01a045b3-8b18-7318-8761-85d0f78a6904,Fifa,ZORO vs Vocko,Champions League B 2x6,2026-08-28T17:30:00Z,100,74,74,True,False,,,,,,
01a0429e-d6d9-74ca-a484-59c3e6d51a36,Fifa,Dreamer vs Kolesya,Volta International A,2026-08-28T17:31:00Z,106,33,33,True,False,,,,,,
01a0429e-d7fc-73d3-ae7d-7b8a6be699be,Fifa,pimchik vs L1genda,Volta International A,2026-08-28T17:31:00Z,86,23,23,True,False,,,,,,
01a045b1-c8ad-730f-b172-6ae4a89f1aca,Fifa,Dicca vs Cofi111,Super Lig,2026-08-28T17:38:00Z,89,58,58,True,False,,,,,,
01a03c45-0099-7695-9ced-f6211909ff47,Fifa,Virtual_12 vs Virtual_10,CONMEBOL Libertadores (Virtual eComp),2026-08-28T17:38:00Z,60,23,23,True,False,,,,,,
01a045b1-b481-719f-9e99-75ffa1e75196,Fifa,lzrn vs chevare,Super Lig,2026-08-28T17:38:00Z,68,34,34,True,False,,,,,,
01a03c43-839f-7ad5-9416-ab1ae3a88510,Fifa,Virtual_2 vs Virtual_3,Premier League (Virtual eComp),2026-08-28T17:38:00Z,60,17,17,True,False,,,,,,
01a045b2-d3a5-7a8b-9d40-1fd1f5e949cc,Fifa,Hristian05 vs Duka,Europa League,2026-08-28T17:40:00Z,76,44,44,True,False,,,,,,
01a045b2-a95f-7ce8-b3d2-cf687da1cd22,Fifa,Badema vs Lx7ss,Europa League,2026-08-28T17:40:00Z,70,36,36,True,False,,,,,,
01a045b3-2388-7aeb-9eff-907b07d22bc6,Fifa,Vocko vs Buu,Champions League B 2x6,2026-08-28T17:48:00Z,108,70,70,True,False,,,,,,
01a045b3-8e68-71c3-9ec6-0bc58f9b3d0b,Fifa,DEKSON vs ZORO,Champions League B 2x6,2026-08-28T17:48:00Z,104,37,37,True,False,,,,,,
01a0429f-9b27-769f-9deb-723035fa5b78,Fifa,pimchik vs Sheva,Volta BundesLiga,2026-08-28T17:50:00Z,90,26,26,True,False,,,,,,
01a0429f-8f84-794d-bc1c-f10857e502e9,Fifa,Dreamer vs L1genda,Volta BundesLiga,2026-08-28T17:50:00Z,89,26,26,True,False,,,,,,
01a045b3-68b7-79d0-9e87-9ba0b9d318c5,Fifa,Duka vs Badema,Europa League,2026-08-28T17:52:00Z,52,16,16,True,False,,,,,,
01a045b2-dee0-7f08-9626-13d2b18d34d7,Fifa,Lx7ss vs Qnko,Europa League,2026-08-28T17:52:00Z,92,64,64,True,False,,,,,,
01a045b2-2e41-70ac-ba6a-6ec9a30e56f1,Fifa,pikalicaaa vs Cira,Serie A,2026-08-28T17:55:00Z,98,68,68,True,False,,,,,,
01a045b2-a2d3-797e-934f-f32332cb15b7,Fifa,Jankulovski vs Bosko,Serie A,2026-08-28T17:55:00Z,76,47,47,True,False,,,,,,
01a0429f-8ebb-7d69-b056-794d7882275e,Fifa,Sheva vs Dreamer,Volta BundesLiga,2026-08-28T17:59:00Z,88,20,20,True,False,,,,,,
01a0429f-9644-7839-8988-de5625945bfc,Fifa,L1genda vs Kolesya,Volta BundesLiga,2026-08-28T17:59:00Z,84,17,17,True,False,,,,,,
01a045b2-bca7-7cac-b3b9-02833d988e20,Fifa,Badema vs Hristian05,Europa League,2026-08-28T18:04:00Z,81,47,47,True,False,,,,,,
01a045b3-05f3-75ca-9596-7c4a2dc91355,Fifa,Qnko vs Duka,Europa League,2026-08-28T18:04:00Z,64,31,31,True,False,,,,,,
01a045b3-91ab-7c7d-9298-a966badcc3b7,Fifa,mica22 vs Vocko,Champions League B 2x6,2026-08-28T18:06:00Z,143,71,71,True,False,,,,,,
01a045b3-7b8e-7444-830d-7e80f8f61c6a,Fifa,Buu vs DEKSON,Champions League B 2x6,2026-08-28T18:06:00Z,94,55,55,True,False,,,,,,
01a045b2-61d0-74b4-8049-a212f57bb76b,Fifa,Cira vs Jankulovski,Serie A,2026-08-28T18:07:00Z,84,54,54,True,False,,,,,,
01a045b2-d579-7b1c-808c-886bb3bf2923,Fifa,Bosko vs llulle,Serie A,2026-08-28T18:07:00Z,83,47,47,True,False,,,,,,
01a0429f-901c-700a-98b7-bc84aa3bee10,Fifa,Kolesya vs Sheva,Volta BundesLiga,2026-08-28T18:08:00Z,89,23,23,True,False,,,,,,
01a0429f-9638-7644-b8e9-6caf870af72e,Fifa,Dreamer vs pimchik,Volta BundesLiga,2026-08-28T18:08:00Z,94,27,27,True,False,,,,,,
01a03c43-8ed1-7c70-af00-eb6c212f1783,Fifa,Virtual_3 vs Virtual_1,Premier League (Virtual eComp),2026-08-28T18:10:00Z,57,20,20,True,False,,,,,,
01a045b1-b803-7297-aa5d-c9845e944470,Fifa,Dicca vs hit,Premier League,2026-08-28T18:10:00Z,61,27,27,True,False,,,,,,
01a03c44-fe42-7e3b-a01e-0bf80b99c074,Fifa,Virtual_10 vs Virtual_13,CONMEBOL Libertadores (Virtual eComp),2026-08-28T18:10:00Z,64,31,31,True,False,,,,,,
01a045b1-c458-7d6e-b317-3b7e5d01e1b7,Fifa,lzrn vs Cofi111,Premier League,2026-08-28T18:10:00Z,83,59,59,True,False,,,,,,
01a045b2-ef89-736d-a96a-fe985b8247eb,Fifa,Hristian05 vs Qnko,Europa League,2026-08-28T18:16:00Z,75,37,37,True,False,,,,,,
01a045b2-bad2-7d74-a9c5-696d7e7cd4d4,Fifa,Duka vs Lx7ss,Europa League,2026-08-28T18:16:00Z,78,43,43,True,False,,,,,,
01a0429f-905d-787f-9bd4-e965e5db0662,Fifa,pimchik vs Kolesya,Volta BundesLiga,2026-08-28T18:17:00Z,92,26,26,True,False,,,,,,
01a0429f-96b3-7ed5-95bb-1363a510e9bd,Fifa,Sheva vs L1genda,Volta BundesLiga,2026-08-28T18:17:00Z,82,14,14,True,False,,,,,,
01a045b2-329f-7230-8063-1b1ca2efaaf2,Fifa,llulle vs Cira,Serie A,2026-08-28T18:19:00Z,71,35,35,True,False,,,,,,
01a045b2-7f54-7780-af79-6132e9ab0c07,Fifa,Jankulovski vs pikalicaaa,Serie A,2026-08-28T18:19:00Z,84,41,41,True,False,,,,,,
01a045b1-ca68-7844-9b0f-6eca8e57462e,Fifa,Cofi111 vs chevare,Premier League,2026-08-28T18:22:00Z,81,56,56,True,False,,,,,,
01a045b1-ccd4-7afd-83d4-ae71fc356c01,Fifa,hit vs lzrn,Premier League,2026-08-28T18:22:00Z,78,47,47,True,False,,,,,,
01a03c45-0b0e-7194-8644-cc82fc3a5d1a,Fifa,Virtual_12 vs Virtual_16,CONMEBOL Libertadores (Virtual eComp),2026-08-28T18:22:00Z,59,22,22,True,False,,,,,,
01a03c43-979e-7f05-ae82-b8b8db11c543,Fifa,Virtual_5 vs Virtual_4,Premier League (Virtual eComp),2026-08-28T18:22:00Z,74,28,28,True,False,,,,,,
01a045b3-7f1c-7ccf-9f1c-879a8bf9b8df,Fifa,DEKSON vs mica22,Champions League B 2x6,2026-08-28T18:24:00Z,88,54,54,True,False,,,,,,
01a045b3-96a2-72af-a35d-863ead34647e,Fifa,ZORO vs Buu,Champions League B 2x6,2026-08-28T18:24:00Z,139,69,69,True,False,,,,,,
01a0429f-9f26-7af4-96de-77e62226bef8,Fifa,Kolesya vs Dreamer,Volta BundesLiga,2026-08-28T18:26:00Z,80,14,14,True,False,,,,,,
01a0429f-9723-70d0-b25a-d84697e5e954,Fifa,L1genda vs pimchik,Volta BundesLiga,2026-08-28T18:26:00Z,82,14,14,True,False,,,,,,
01a045b2-c4a5-7ba4-b9e4-5a0bc4355b26,Fifa,Lx7ss vs Hristian05,Europa League,2026-08-28T18:28:00Z,76,38,38,True,False,,,,,,
01a045b3-4202-763f-94e5-af33f07f8938,Fifa,Qnko vs Badema,Europa League,2026-08-28T18:28:00Z,82,49,49,True,False,,,,,,
01a045b2-2577-7fe4-b999-2b673ddfe74d,Fifa,Cira vs Bosko,Serie A,2026-08-28T18:31:00Z,82,47,47,True,False,,,,,,
01a045b2-7511-70a0-94d1-82a58e2ddac1,Fifa,pikalicaaa vs llulle,Serie A,2026-08-28T18:31:00Z,81,49,49,True,False,,,,,,
01a03c43-a115-7f68-886d-49528d84b67d,Fifa,Virtual_6 vs Virtual_3,Premier League (Virtual eComp),2026-08-28T18:34:00Z,96,34,34,True,False,,,,,,
01a03c45-152f-7356-b981-33913162bd59,Fifa,Virtual_13 vs Virtual_14,CONMEBOL Libertadores (Virtual eComp),2026-08-28T18:34:00Z,67,29,29,True,False,,,,,,
01a045b1-cb1e-7060-84a5-9d072179a87c,Fifa,lzrn vs Dicca,Premier League,2026-08-28T18:34:00Z,87,59,59,True,False,,,,,,
01a045b1-be8f-74ba-a2d7-06e5d2a2bc5f,Fifa,chevare vs hit,Premier League,2026-08-28T18:34:00Z,83,53,53,True,False,,,,,,
01a0429f-92ae-76b1-a10d-8777a33199ae,Fifa,L1genda vs Dreamer,Volta BundesLiga,2026-08-28T18:35:00Z,86,23,23,True,False,,,,,,
01a0429f-96cc-783a-b9a4-0c369beae937,Fifa,Sheva vs pimchik,Volta BundesLiga,2026-08-28T18:35:00Z,84,25,15,True,False,,,,,,
01a045b2-c304-76cb-9ebc-11a69f01a0f8,Fifa,Duka vs Hristian05,Europa League,2026-08-28T18:40:00Z,81,51,51,True,False,,,,,,
01a045b2-fbd0-79c2-a4c1-ca5032bce0d4,Fifa,Lx7ss vs Badema,Europa League,2026-08-28T18:40:00Z,83,52,52,True,False,,,,,,
01a045b3-914b-79fb-812d-aa86f10145b8,Fifa,Vocko vs DEKSON,Champions League B 2x6,2026-08-28T18:42:00Z,119,54,54,True,False,,,,,,
01a045b3-87bc-71bf-9b30-ab1ab9ad7017,Fifa,mica22 vs ZORO,Champions League B 2x6,2026-08-28T18:42:00Z,108,68,68,True,False,,,,,,
01a045b2-b749-7f6f-8e56-6715b9977747,Fifa,Bosko vs pikalicaaa,Serie A,2026-08-28T18:43:00Z,92,57,57,True,False,,,,,,
01a045b2-3da6-79bf-b9fe-53e5d5c58a32,Fifa,llulle vs Jankulovski,Serie A,2026-08-28T18:43:00Z,78,42,42,True,False,,,,,,
01a0429f-9f43-7ccb-9e58-70c7b1d5dd88,Fifa,Kolesya vs L1genda,Volta BundesLiga,2026-08-28T18:44:00Z,76,8,8,True,False,,,,,,
01a0429f-94ea-7c06-8a73-aebb9be29a9e,Fifa,Dreamer vs Sheva,Volta BundesLiga,2026-08-28T18:44:00Z,79,14,14,True,False,,,,,,
01a045b1-c674-72ff-b1c3-ecd0dfa60328,Fifa,hit vs Cofi111,Premier League,2026-08-28T18:46:00Z,79,47,47,True,False,,,,,,
01a03c43-8729-711e-969c-eceda62ece4e,Fifa,Virtual_4 vs Virtual_2,Premier League (Virtual eComp),2026-08-28T18:46:00Z,85,33,33,True,False,,,,,,
01a03c44-fc7c-7dab-9cb4-06c7ec3e00d1,Fifa,Virtual_16 vs Virtual_11,CONMEBOL Libertadores (Virtual eComp),2026-08-28T18:46:00Z,55,14,14,True,False,,,,,,
01a045b1-c08b-750d-ad05-5239f89abad4,Fifa,Dicca vs chevare,Premier League,2026-08-28T18:46:00Z,80,53,53,True,False,,,,,,
01a045b3-02bf-7ae9-a9c3-d3f63570b3a5,Fifa,Qnko vs Lx7ss,Europa League,2026-08-28T18:52:00Z,97,59,59,True,False,,,,,,
01a045b2-af84-7ceb-a318-7731f0e88041,Fifa,Badema vs Duka,Europa League,2026-08-28T18:52:00Z,60,26,26,True,False,,,,,,
01a0429f-9550-7226-9c47-993ffa36572d,Fifa,Sheva vs Kolesya,Volta BundesLiga,2026-08-28T18:53:00Z,93,29,29,True,False,,,,,,
01a0429f-979d-7291-bd07-5b04b05862b8,Fifa,pimchik vs Dreamer,Volta BundesLiga,2026-08-28T18:53:00Z,91,26,26,True,False,,,,,,
01a045b2-6a7e-73d8-ad7b-8e2b22be19a1,Fifa,Bosko vs Jankulovski,Serie A,2026-08-28T18:55:00Z,103,57,57,True,False,,,,,,
01a045b2-49e6-72b6-95b5-a02bef18c45c,Fifa,Cira vs pikalicaaa,Serie A,2026-08-28T18:55:00Z,76,47,47,True,False,,,,,,
01a03c45-1286-7879-ba0c-2ea120e470a5,Fifa,Virtual_17 vs Virtual_10,CONMEBOL Libertadores (Virtual eComp),2026-08-28T18:58:00Z,63,29,29,True,False,,,,,,
01a03c43-922b-7ccf-bf80-e90f01cc66f6,Fifa,Virtual_5 vs Virtual_6,Premier League (Virtual eComp),2026-08-28T18:58:00Z,86,42,42,True,False,,,,,,
01a045b1-d544-7611-8006-f27b701c91f3,Fifa,chevare vs lzrn,Premier League,2026-08-28T18:58:00Z,87,69,69,True,False,,,,,,
01a045b1-bfa3-7879-9db9-23e9273ccdc7,Fifa,Cofi111 vs Dicca,Premier League,2026-08-28T18:58:00Z,88,54,54,True,False,,,,,,
01a0429f-9415-7cb7-b686-8afa5cc96c47,Fifa,Kolesya vs pimchik,Volta BundesLiga,2026-08-28T19:02:00Z,89,29,29,True,False,,,,,,
01a0429f-9be0-76dc-ae2f-2265eb4c8871,Fifa,L1genda vs Sheva,Volta BundesLiga,2026-08-28T19:02:00Z,85,20,20,True,False,,,,,,
01a045b2-a37f-78d0-915c-cc55bc08e1a2,Fifa,Hristian05 vs Badema,Europa League,2026-08-28T19:04:00Z,92,61,61,True,False,,,,,,
01a045b3-6e31-7fd9-a6c6-70368d1fdba2,Fifa,Duka vs Qnko,Europa League,2026-08-28T19:04:00Z,89,55,55,True,False,,,,,,
01a045b2-75d7-721b-868c-3655eec137d4,Fifa,llulle vs Bosko,Serie A,2026-08-28T19:07:00Z,69,30,30,True,False,,,,,,
01a045b2-2355-7bb2-a964-ece1235b80e9,Fifa,Jankulovski vs Cira,Serie A,2026-08-28T19:07:00Z,87,61,61,True,False,,,,,,
01a045b1-f3fb-7106-bbc2-67c84e4327e1,Fifa,hit vs Dicca,Premier League,2026-08-28T19:10:00Z,78,46,46,True,False,,,,,,
01a03c43-83a7-7b0e-b0dd-b6453e4f5745,Fifa,Virtual_1 vs Virtual_2,Seria A (Virtual eComp),2026-08-28T19:10:00Z,60,19,19,True,False,,,,,,
01a03c45-15a7-7f16-9145-711b0e149aa1,Fifa,Virtual_10 vs Virtual_11,Bundesliga (Virtual eComp),2026-08-28T19:10:00Z,70,32,32,True,False,,,,,,
01a045b1-cf4c-7e34-b2e8-9bbafee488db,Fifa,Cofi111 vs lzrn,Premier League,2026-08-28T19:10:00Z,86,54,54,True,False,,,,,,
01a0429f-a016-70a4-a082-db93750dbe2d,Fifa,Dreamer vs Kolesya,Volta BundesLiga,2026-08-28T19:11:00Z,99,32,32,True,False,,,,,,
01a0429f-9745-7d4a-8b12-5f854631fc68,Fifa,pimchik vs L1genda,Volta BundesLiga,2026-08-28T19:11:00Z,82,21,21,True,False,,,,,,
01a045b2-b6a8-7027-aa80-fe77120468ea,Fifa,Qnko vs Hristian05,Europa League,2026-08-28T19:16:00Z,76,47,47,True,False,,,,,,
01a045b2-c63a-788a-90d1-1da59c179c4b,Fifa,Lx7ss vs Duka,Europa League,2026-08-28T19:16:00Z,102,48,48,True,False,,,,,,
01a045b2-7e72-7ff5-8a3f-e4019134957c,Fifa,pikalicaaa vs Jankulovski,Serie A,2026-08-28T19:19:00Z,79,42,42,True,False,,,,,,
01a045b2-6a13-751d-87af-f7e9db1e7cef,Fifa,Cira vs llulle,Serie A,2026-08-28T19:19:00Z,77,51,51,True,False,,,,,,
01a045b3-5711-7fe3-afd5-a54041c9baa4,Fifa,mica22 vs Buu,Champions League B 2x6,2026-08-28T19:20:00Z,131,58,58,True,False,,,,,,
01a045b3-504d-79b0-92d5-2316a2567b80,Fifa,Vocko vs ZORO,Champions League B 2x6,2026-08-28T19:20:00Z,117,53,53,True,False,,,,,,
01a045b1-d6ad-739d-a664-d7b4c4ae5c57,Fifa,lzrn vs hit,Premier League,2026-08-28T19:22:00Z,74,38,38,True,False,,,,,,
01a03c45-2252-7488-a3c4-da66624f95de,Fifa,Virtual_12 vs Virtual_13,Bundesliga (Virtual eComp),2026-08-28T19:22:00Z,68,24,24,True,False,,,,,,
01a03c43-8ea6-7b51-9060-436167aab06c,Fifa,Virtual_3 vs Virtual_1,Seria A (Virtual eComp),2026-08-28T19:22:00Z,70,30,30,True,False,,,,,,
01a045b1-d76e-78ab-b8b6-a4708bd5495a,Fifa,chevare vs Cofi111,Premier League,2026-08-28T19:22:00Z,85,64,64,True,False,,,,,,
01a045b3-14a9-7327-8047-099fb9a289a5,Fifa,Badema vs Qnko,Europa League,2026-08-28T19:28:00Z,87,52,52,True,False,,,,,,
01a045b3-0e9f-7352-bd90-c07604f44b5e,Fifa,Hristian05 vs Lx7ss,Europa League,2026-08-28T19:28:00Z,86,58,58,True,False,,,,,,
01a042a1-0fbf-7c6a-aaa8-6a7eb1b889c4,Fifa,Profik vs Gula14,Volta Champions League A,2026-08-28T19:30:00Z,79,14,14,True,False,,,,,,
01a042a1-0278-747d-9f09-0c7f6b96e19f,Fifa,Yerema vs Senya,Volta Champions League A,2026-08-28T19:30:00Z,90,27,27,True,False,,,,,,
01a045b2-75a9-7a73-842c-6896f532cd25,Fifa,llulle vs pikalicaaa,Serie A,2026-08-28T19:31:00Z,88,56,56,True,False,,,,,,
01a045b2-2f18-7ae5-8285-4955bdd381a0,Fifa,Bosko vs Cira,Serie A,2026-08-28T19:31:00Z,88,62,62,True,False,,,,,,
01a045b1-dc1f-7256-acc5-718dd5ce1700,Fifa,Dicca vs lzrn,Premier League,2026-08-28T19:34:00Z,78,49,49,True,False,,,,,,
01a045b1-c9c9-7339-9339-d91d9cad02e9,Fifa,hit vs chevare,Premier League,2026-08-28T19:34:00Z,74,46,46,True,False,,,,,,
01a03c45-0bf6-7019-93c3-dcb1b00d09bf,Fifa,Virtual_13 vs Virtual_10,Bundesliga (Virtual eComp),2026-08-28T19:34:00Z,59,14,14,True,False,,,,,,
01a03c43-92e4-7b48-8cb4-89178f42cf1d,Fifa,Virtual_2 vs Virtual_3,Seria A (Virtual eComp),2026-08-28T19:34:00Z,67,26,26,True,False,,,,,,
01a045b3-858d-7a88-aee1-2f5a654395e2,Fifa,Buu vs Vocko,Champions League B 2x6,2026-08-28T19:38:00Z,81,35,35,True,False,,,,,,
01a045b3-9358-79ea-8954-cd4c01bd50ec,Fifa,ZORO vs DEKSON,Champions League B 2x6,2026-08-28T19:38:00Z,118,46,46,True,False,,,,,,
01a042a1-02e5-70f4-bc99-3e82cad372f6,Fifa,Gula14 vs Yerema,Volta Champions League A,2026-08-28T19:39:00Z,84,17,17,True,False,,,,,,
01a042a1-0b6b-743f-bd9e-353890adae02,Fifa,Senya vs bucho55,Volta Champions League A,2026-08-28T19:39:00Z,81,17,17,True,False,,,,,,
01a045b3-564a-77f1-80f1-46dc42836c93,Fifa,vivienne vs Paka,LaLiga,2026-08-28T19:40:00Z,85,57,57,True,False,,,,,,
01a045b3-73a2-7c14-9707-b44cb6128cbc,Fifa,Maslja vs maggett0,LaLiga,2026-08-28T19:40:00Z,69,41,41,True,False,,,,,,
01a045b2-e188-7bf3-984f-96de748972e9,Fifa,Jankulovski vs llulle,Serie A,2026-08-28T19:43:00Z,67,44,44,True,False,,,,,,
01a045b2-c5ec-7386-8bcb-0e7ee4cb0294,Fifa,pikalicaaa vs Bosko,Serie A,2026-08-28T19:43:00Z,75,45,45,True,False,,,,,,
01a03c43-ada9-7c1f-97a2-984a052e49b9,Fifa,Virtual_1 vs Virtual_4,Seria A (Virtual eComp),2026-08-28T19:46:00Z,79,36,36,True,False,,,,,,
01a045b1-d4a3-78c4-b114-762e275ff29a,Fifa,chevare vs Dicca,Premier League,2026-08-28T19:46:00Z,73,43,43,True,False,,,,,,
01a03c45-1bb8-70b7-aeaa-5e2cd63a4067,Fifa,Virtual_11 vs Virtual_12,Bundesliga (Virtual eComp),2026-08-28T19:46:00Z,61,26,26,True,False,,,,,,
01a045b1-bb8d-783f-9c54-627ce7febf67,Fifa,Cofi111 vs hit,Premier League,2026-08-28T19:46:00Z,70,41,41,True,False,,,,,,
01a042a1-0706-71bf-8b7d-eb7b4c2ec291,Fifa,bucho55 vs Gula14,Volta Champions League A,2026-08-28T19:48:00Z,99,29,29,True,False,,,,,,
01a042a1-1089-7ab8-bbab-e7f2757612b9,Fifa,Yerema vs Profik,Volta Champions League A,2026-08-28T19:48:00Z,84,17,17,True,False,,,,,,
01a045b2-ce56-7c3c-a870-98571f792faf,Fifa,Paka vs Maslja,LaLiga,2026-08-28T19:52:00Z,77,35,35,True,False,,,,,,
01a045b2-dc8c-75ab-92a7-efcdaf6ea494,Fifa,maggett0 vs Dov1n,LaLiga,2026-08-28T19:52:00Z,75,48,48,True,False,,,,,,
01a045b2-514c-72b5-ad3f-394a679af906,Fifa,Nightxx vs nekishka,World Cup A,2026-08-28T19:55:00Z,66,32,32,True,False,,,,,,
01a045b2-5e70-7216-bce4-a125cbfce97c,Fifa,Simaponika vs Grellz,World Cup A,2026-08-28T19:55:00Z,74,38,38,True,False,,,,,,
01a045b3-d0c8-7c7f-a952-a322d93fabf9,Fifa,DEKSON vs Buu,Champions League B 2x6,2026-08-28T19:56:00Z,122,78,78,True,False,,,,,,
01a045b3-365a-71d6-9e98-3438726d9ed5,Fifa,Vocko vs mica22,Champions League B 2x6,2026-08-28T19:56:00Z,125,78,78,True,False,,,,,,
01a042a1-0730-74c7-b07e-102eb8334b89,Fifa,Gula14 vs Senya,Volta Champions League A,2026-08-28T19:57:00Z,88,19,19,True,False,,,,,,
01a042a1-018c-7d96-8a9e-ebae59022aeb,Fifa,Profik vs bucho55,Volta Champions League A,2026-08-28T19:57:00Z,85,17,17,True,False,,,,,,
01a045b1-db24-7e81-bbea-31498c246f72,Fifa,lzrn vs chevare,Premier League,2026-08-28T19:58:00Z,73,47,47,True,False,,,,,,
01a03c43-a24e-7c51-8b35-94f9efd6cd4b,Fifa,Virtual_5 vs Virtual_1,Seria A (Virtual eComp),2026-08-28T19:58:00Z,81,39,39,True,False,,,,,,
01a045b1-e2eb-7ea2-97d2-7055c6c65f54,Fifa,Dicca vs Cofi111,Premier League,2026-08-28T19:58:00Z,82,46,46,True,False,,,,,,
01a03c45-1bc5-7bb0-bbf2-b0d0bddc1247,Fifa,Virtual_10 vs Virtual_12,Bundesliga (Virtual eComp),2026-08-28T19:58:00Z,78,53,53,True,False,,,,,,
01a045b2-c27e-7c48-b052-1546a6365e2d,Fifa,Dov1n vs Paka,LaLiga,2026-08-28T20:04:00Z,69,39,39,True,False,,,,,,
01a045b2-c4a3-7376-8347-605028ebb137,Fifa,Maslja vs vivienne,LaLiga,2026-08-28T20:04:00Z,78,41,41,True,False,,,,,,
01a042a1-070d-708d-8537-c4c1bb0371fd,Fifa,Senya vs Profik,Volta Champions League A,2026-08-28T20:06:00Z,88,17,17,True,False,,,,,,
01a042a1-0f0b-74f2-b6d3-0a38bd8e013c,Fifa,bucho55 vs Yerema,Volta Champions League A,2026-08-28T20:06:00Z,98,25,25,True,False,,,,,,
01a045b2-88f8-7b6b-926f-d97a859ac3a8,Fifa,Grellz vs Nightxx,World Cup A,2026-08-28T20:07:00Z,67,36,36,True,False,,,,,,
01a045b2-502f-7ef6-9ed3-353a61507f7d,Fifa,nekishka vs believer,World Cup A,2026-08-28T20:07:00Z,85,51,51,True,False,,,,,,
01a045b1-ce8a-7095-8a1d-e16ca4ccb67e,Fifa,Kholys vs Skif,Portugal Primera,2026-08-28T20:10:00Z,94,64,64,True,False,,,,,,
01a045b1-fc0a-7572-8eec-406967a2c89e,Fifa,kirman vs hrk,Portugal Primera,2026-08-28T20:10:00Z,67,43,43,True,False,,,,,,
01a045b3-40a8-7900-8641-bd68a0519ac9,Fifa,Buu vs ZORO,Champions League B 2x6,2026-08-28T20:14:00Z,128,73,73,True,False,,,,,,
01a045b3-96f7-7981-b94d-67f9f897ff4c,Fifa,mica22 vs DEKSON,Champions League B 2x6,2026-08-28T20:14:00Z,99,64,64,True,False,,,,,,
01a042a1-083a-7934-9bd6-871edd8f9ed6,Fifa,Senya vs Yerema,Volta Champions League A,2026-08-28T20:15:00Z,111,29,29,True,False,,,,,,
01a042a1-0e9a-7a56-b049-18b889455bde,Fifa,Gula14 vs Profik,Volta Champions League A,2026-08-28T20:15:00Z,92,17,17,True,False,,,,,,
01a045b2-cb9e-723d-a9df-7c12e3763b31,Fifa,vivienne vs Dov1n,LaLiga,2026-08-28T20:16:00Z,80,53,53,True,False,,,,,,
01a045b3-0999-71dc-a704-adcdae842c65,Fifa,Paka vs maggett0,LaLiga,2026-08-28T20:16:00Z,102,54,54,True,False,,,,,,
01a045b2-eb06-726d-8a28-663d57e04ba6,Fifa,Nightxx vs Simaponika,World Cup A,2026-08-28T20:19:00Z,81,51,51,True,False,,,,,,
01a045b2-7ede-73d5-bb3f-4b5b02d0ccc5,Fifa,believer vs Grellz,World Cup A,2026-08-28T20:19:00Z,75,46,46,True,False,,,,,,
01a045b1-e06d-7fa3-971d-c4877f78bdf4,Fifa,Skif vs curuza,Portugal Primera,2026-08-28T20:22:00Z,66,35,35,True,False,,,,,,
01a045b1-e9d1-7937-ba25-de81f467ff0e,Fifa,hrk vs Kholys,Portugal Primera,2026-08-28T20:22:00Z,82,56,56,True,False,,,,,,
01a042a1-08af-761a-8007-f3a981f6996c,Fifa,Yerema vs Gula14,Volta Champions League A,2026-08-28T20:24:00Z,107,26,26,True,False,,,,,,
01a042a1-132f-7519-ac55-adb3df525987,Fifa,bucho55 vs Senya,Volta Champions League A,2026-08-28T20:24:00Z,90,14,14,True,False,,,,,,
01a045b3-78ac-727c-92db-6616022118cd,Fifa,maggett0 vs vivienne,LaLiga,2026-08-28T20:28:00Z,86,57,57,True,False,,,,,,
01a045b2-b0e0-750f-885b-5175029e4bb3,Fifa,Dov1n vs Maslja,LaLiga,2026-08-28T20:28:00Z,89,57,57,True,False,,,,,,
01a045b2-5244-75b1-ac7b-9c3f58b848e5,Fifa,Simaponika vs believer,World Cup A,2026-08-28T20:31:00Z,71,48,48,True,False,,,,,,
01a045b2-6609-725f-9265-8e399709ed2c,Fifa,Grellz vs nekishka,World Cup A,2026-08-28T20:31:00Z,84,56,56,True,False,,,,,,
01a045b3-4275-7522-844b-949f72f33201,Fifa,DEKSON vs Vocko,Champions League B 2x6,2026-08-28T20:32:00Z,163,86,86,True,False,,,,,,
01a045b3-393c-7ce6-98cf-2d00834282ea,Fifa,ZORO vs mica22,Champions League B 2x6,2026-08-28T20:32:00Z,121,94,94,True,False,,,,,,
01a042a1-08f1-7b8f-bb16-8b372197ca2c,Fifa,Gula14 vs bucho55,Volta Champions League A,2026-08-28T20:33:00Z,88,11,11,True,False,,,,,,
01a042a1-0b63-75e3-a8f4-25cfc712c965,Fifa,Profik vs Yerema,Volta Champions League A,2026-08-28T20:33:00Z,119,23,23,True,False,,,,,,
01a045b1-ea57-7af2-9ff2-21a90b484477,Fifa,Kholys vs kirman,Portugal Primera,2026-08-28T20:34:00Z,92,64,64,True,False,,,,,,
01a045b1-c9e2-7db6-be90-1d6225f0f452,Fifa,curuza vs hrk,Portugal Primera,2026-08-28T20:34:00Z,72,37,37,True,False,,,,,,
01a045b2-e9e5-7a40-8faa-2891bc283107,Fifa,Paka vs vivienne,LaLiga,2026-08-28T20:40:00Z,76,42,42,True,False,,,,,,
01a045b3-4af6-7364-b677-6cc85a30496a,Fifa,maggett0 vs Maslja,LaLiga,2026-08-28T20:40:00Z,74,43,43,True,False,,,,,,
01a042a1-0b86-77ba-831d-e307148fff56,Fifa,bucho55 vs Profik,Volta Champions League A,2026-08-28T20:42:00Z,109,17,17,True,False,,,,,,
01a042a1-117d-70c1-94a6-cbb94ec606c3,Fifa,Senya vs Gula14,Volta Champions League A,2026-08-28T20:42:00Z,108,23,23,True,False,,,,,,
01a045b2-9847-7b3f-8bcf-d6bf89342e39,Fifa,believer vs Nightxx,World Cup A,2026-08-28T20:43:00Z,71,42,42,True,False,,,,,,
01a045b2-5761-76d4-91ea-a653417ade97,Fifa,nekishka vs Simaponika,World Cup A,2026-08-28T20:43:00Z,114,95,95,True,False,,,,,,
01a045b1-d36e-7930-9e69-51a586234677,Fifa,kirman vs curuza,Portugal Primera,2026-08-28T20:46:00Z,75,47,47,True,False,,,,,,
01a045b1-e19c-7835-b204-65d8f4f3b59a,Fifa,hrk vs Skif,Portugal Primera,2026-08-28T20:46:00Z,80,54,54,True,False,,,,,,
01a042a1-1177-7cc3-9128-52056f7f301c,Fifa,Profik vs Senya,Volta Champions League A,2026-08-28T20:51:00Z,110,17,17,True,False,,,,,,
01a042a1-16b7-73f8-b966-a4f678710120,Fifa,Yerema vs bucho55,Volta Champions League A,2026-08-28T20:51:00Z,110,23,23,True,False,,,,,,
01a045b3-7d65-7ccf-a8e8-81e4d7511da3,Fifa,Maslja vs Paka,LaLiga,2026-08-28T20:52:00Z,84,51,51,True,False,,,,,,
01a045b2-d2c3-70f5-997e-822dcd1cb58e,Fifa,Dov1n vs maggett0,LaLiga,2026-08-28T20:52:00Z,75,45,45,True,False,,,,,,
01a045b2-2a2e-72df-864b-ab79ec4e783c,Fifa,nekishka vs Nightxx,World Cup A,2026-08-28T20:55:00Z,87,44,44,True,False,,,,,,
01a045b2-9524-779d-a6c9-683227243eda,Fifa,Grellz vs Simaponika,World Cup A,2026-08-28T20:55:00Z,84,59,59,True,False,,,,,,
01a045b2-06fa-7ca4-a0fd-12b90c73b67d,Fifa,curuza vs Kholys,Portugal Primera,2026-08-28T20:58:00Z,60,27,27,True,False,,,,,,
01a045b1-d8e8-70d4-8d12-be185069b58f,Fifa,Skif vs kirman,Portugal Primera,2026-08-28T20:58:00Z,82,54,54,True,False,,,,,,
01a045b2-dd5a-7450-b483-8637b96f7ecf,Fifa,k0mych vs rostyk,Argentina Super League 2x6,2026-08-28T21:00:00Z,162,98,98,True,False,,,,,,
01a045b2-c857-7fb8-a720-2ebb13b2ef37,Fifa,Paka vs Dov1n,LaLiga,2026-08-28T21:04:00Z,99,67,67,True,False,,,,,,
01a045b2-ddcd-7ae7-ab73-f7e5918f4e08,Fifa,vivienne vs Maslja,LaLiga,2026-08-28T21:04:00Z,96,53,53,True,False,,,,,,
01a045b2-68d1-7812-8e91-f91d36bfd604,Fifa,believer vs nekishka,World Cup A,2026-08-28T21:07:00Z,66,36,36,True,False,,,,,,
01a045b2-5dd5-7f85-9ee9-1470e979178a,Fifa,Nightxx vs Grellz,World Cup A,2026-08-28T21:07:00Z,92,54,54,True,False,,,,,,
01a045b1-c5e8-74a7-bc40-562d58526454,Fifa,Skif vs Kholys,Portugal Primera,2026-08-28T21:10:00Z,64,37,37,True,False,,,,,,
01a045b1-fa39-7c36-80e4-943beea88c60,Fifa,hrk vs kirman,Portugal Primera,2026-08-28T21:10:00Z,64,35,35,True,False,,,,,,
01a042a1-e532-7c17-b283-f966541b9704,Fifa,Profik vs Gula14,Volta World Cup B,2026-08-28T21:10:00Z,86,17,17,True,False,,,,,,
01a042a1-dfcb-7cbc-a605-7cd19149c9a3,Fifa,Yerema vs Senya,Volta World Cup B,2026-08-28T21:10:00Z,93,26,26,True,False,,,,,,
01a045b3-16fe-7f87-bb4a-141d3fde2da6,Fifa,maggett0 vs Paka,LaLiga,2026-08-28T21:16:00Z,101,72,72,True,False,,,,,,
01a045b2-d3c9-703f-829b-2a44ca91d2a8,Fifa,Dov1n vs vivienne,LaLiga,2026-08-28T21:16:00Z,75,35,35,True,False,,,,,,
01a045b3-5247-7d77-8d62-16a842ae1791,Fifa,k0mych vs saportj,Argentina Super League 2x6,2026-08-28T21:18:00Z,115,70,70,True,False,,,,,,
01a042a1-e034-7a57-86ad-290c5a68e6a7,Fifa,Gula14 vs Yerema,Volta World Cup B,2026-08-28T21:19:00Z,93,20,20,True,False,,,,,,
01a045b2-4249-7adf-8432-07f4eab9a0c3,Fifa,Grellz vs believer,World Cup A,2026-08-28T21:19:00Z,60,26,26,True,False,,,,,,
01a042a1-e6cf-79c0-903e-77b6c2f83fbe,Fifa,Senya vs bucho55,Volta World Cup B,2026-08-28T21:19:00Z,92,20,20,True,False,,,,,,
01a045b2-5853-7dc4-8885-9a043a029a23,Fifa,Simaponika vs Nightxx,World Cup A,2026-08-28T21:19:00Z,88,60,60,True,False,,,,,,
01a045b1-f0d6-76dd-a95c-d50b34cc63d0,Fifa,curuza vs Skif,Portugal Primera,2026-08-28T21:22:00Z,59,29,29,True,False,,,,,,
01a045b1-d139-7b70-88a2-d0fe65745b09,Fifa,Kholys vs hrk,Portugal Primera,2026-08-28T21:22:00Z,87,56,56,True,False,,,,,,
01a042a1-e5a3-79c5-bcca-e5cd3027e6a1,Fifa,Yerema vs Profik,Volta World Cup B,2026-08-28T21:28:00Z,110,27,27,True,False,,,,,,
01a045b2-e24b-71f2-8f51-12744950b3e8,Fifa,Maslja vs Dov1n,LaLiga,2026-08-28T21:28:00Z,60,27,27,True,False,,,,,,
01a042a1-e047-77b0-a241-de63299442f4,Fifa,bucho55 vs Gula14,Volta World Cup B,2026-08-28T21:28:00Z,93,20,20,True,False,,,,,,
01a045b3-83a2-7384-9bfe-0ab2c9b886de,Fifa,vivienne vs maggett0,LaLiga,2026-08-28T21:28:00Z,77,40,40,True,False,,,,,,
01a045b2-4f8e-7519-b7ca-04851ecd8faa,Fifa,nekishka vs Grellz,World Cup A,2026-08-28T21:31:00Z,75,41,41,True,False,,,,,,
01a045b2-430a-78fb-8507-bb8a352a687f,Fifa,believer vs Simaponika,World Cup A,2026-08-28T21:31:00Z,87,54,54,True,False,,,,,,
01a045b1-f41d-7f6e-91eb-3368a293ce8b,Fifa,hrk vs curuza,Portugal Primera,2026-08-28T21:34:00Z,69,40,40,True,False,,,,,,
01a045b1-e2cf-738f-a696-c11ed27e3156,Fifa,kirman vs Kholys,Portugal Primera,2026-08-28T21:34:00Z,69,43,43,True,False,,,,,,
01a045b3-b740-7d7f-9db3-dc94e768ec75,Fifa,rostyk vs saportj,Argentina Super League 2x6,2026-08-28T21:36:00Z,109,58,58,True,False,,,,,,
01a042a1-f48b-72bb-bb3c-c2d4ecee1044,Fifa,Gula14 vs Senya,Volta World Cup B,2026-08-28T21:37:00Z,114,35,35,True,False,,,,,,
01a042a1-e62d-7e27-9759-58982c81b0e6,Fifa,Profik vs bucho55,Volta World Cup B,2026-08-28T21:37:00Z,101,20,20,True,False,,,,,,
01a045b2-8c57-7e25-854b-c4a3c5e06153,Fifa,Simaponika vs nekishka,World Cup A,2026-08-28T21:43:00Z,70,43,43,True,False,,,,,,
01a045b2-a048-7850-8894-54b9d41a98a2,Fifa,Nightxx vs believer,World Cup A,2026-08-28T21:43:00Z,80,51,51,True,False,,,,,,
01a042a1-ecbc-7bea-bb92-18c782a7f446,Fifa,bucho55 vs Yerema,Volta World Cup B,2026-08-28T21:46:00Z,111,32,32,True,False,,,,,,
01a045b1-cb1a-7e3e-ad9f-b340c7def82d,Fifa,curuza vs kirman,Portugal Primera,2026-08-28T21:46:00Z,81,55,55,True,False,,,,,,
01a042a1-e1b4-7d7a-b395-d7dd348a6301,Fifa,Senya vs Profik,Volta World Cup B,2026-08-28T21:46:00Z,99,20,20,True,False,,,,,,
01a045b2-15cb-782b-8f16-7497d3efce36,Fifa,Skif vs hrk,Portugal Primera,2026-08-28T21:46:00Z,65,38,38,True,False,,,,,,
01a045b2-fb0b-70ba-b914-1f894366bb68,Fifa,vivienne vs Paka,Premier League,2026-08-28T21:50:00Z,96,52,52,True,False,,,,,,
01a045b3-22b8-7d7b-80a7-2fa230794ffa,Fifa,Maslja vs maggett0,Premier League,2026-08-28T21:50:00Z,85,52,52,True,False,,,,,,
01a045b3-75f4-7069-89c7-e4fe415e3593,Fifa,rostyk vs k0mych,Argentina Super League 2x6,2026-08-28T21:54:00Z,103,50,50,True,False,,,,,,
01a042a1-e377-75ac-acc0-8ddca4cb55ed,Fifa,Senya vs Yerema,Volta World Cup B,2026-08-28T21:55:00Z,102,35,35,True,False,,,,,,
01a042a1-f25d-7212-aa08-c3d6a58ae0ec,Fifa,Gula14 vs Profik,Volta World Cup B,2026-08-28T21:55:00Z,90,14,14,True,False,,,,,,
01a045b1-f041-749e-b7eb-1f4b06bdce35,Fifa,Kholys vs curuza,Portugal Primera,2026-08-28T21:58:00Z,69,36,36,True,False,,,,,,
01a045b1-dcfc-7eca-9c0f-55e5e26f7fc6,Fifa,kirman vs Skif,Portugal Primera,2026-08-28T21:58:00Z,67,40,40,True,False,,,,,,
01a045b3-89e4-7caa-b1ce-086cacf671c7,Fifa,Paka vs Maslja,Premier League,2026-08-28T22:02:00Z,92,64,64,True,False,,,,,,
01a045b2-fa27-79a4-baf4-7d98fb40c75b,Fifa,maggett0 vs Dov1n,Premier League,2026-08-28T22:02:00Z,78,49,49,True,False,,,,,,
01a042a1-eac2-7248-b271-55ea1c58c131,Fifa,Yerema vs Gula14,Volta World Cup B,2026-08-28T22:04:00Z,111,36,36,True,False,,,,,,
01a042a1-f1eb-70a5-af8e-0362198a643c,Fifa,bucho55 vs Senya,Volta World Cup B,2026-08-28T22:04:00Z,104,26,26,True,False,,,,,,
01a045b2-5dcf-7e16-915a-b1fdbf1ebbbb,Fifa,Simaponika vs Grellz,Serie A,2026-08-28T22:05:00Z,103,61,61,True,False,,,,,,
01a045b2-89c9-7610-996e-352524ffa0fe,Fifa,Nightxx vs nekishka,Serie A,2026-08-28T22:05:00Z,78,45,45,True,False,,,,,,
01a045b3-7b2d-7305-82b7-119187fba081,Fifa,saportj vs k0mych,Argentina Super League 2x6,2026-08-28T22:12:00Z,120,71,71,True,False,,,,,,
01a042a1-eae9-7cd5-929f-bc4e412afc3e,Fifa,Profik vs Yerema,Volta World Cup B,2026-08-28T22:13:00Z,96,25,25,True,False,,,,,,
01a042a1-efdf-778a-951d-9818f0d8d626,Fifa,Gula14 vs bucho55,Volta World Cup B,2026-08-28T22:13:00Z,104,32,32,True,False,,,,,,
01a045b3-0785-7fff-b370-862b4d026412,Fifa,Maslja vs vivienne,Premier League,2026-08-28T22:14:00Z,73,32,32,True,False,,,,,,
01a045b2-e116-704e-891f-00c140b6d208,Fifa,Dov1n vs Paka,Premier League,2026-08-28T22:14:00Z,73,43,43,True,False,,,,,,
01a045b2-383b-7b67-bd45-d916ceed8a1e,Fifa,nekishka vs believer,Serie A,2026-08-28T22:17:00Z,74,37,37,True,False,,,,,,
01a045b2-9705-7267-96ae-d41b82946e28,Fifa,Grellz vs Nightxx,Serie A,2026-08-28T22:17:00Z,100,62,62,True,False,,,,,,
01a045b2-0781-700d-9618-bf8d58627190,Fifa,kirman vs hrk,World Cup A,2026-08-28T22:20:00Z,82,52,52,True,False,,,,,,
01a045b1-ea7f-7b17-a018-fd596f235b63,Fifa,Kholys vs Skif,World Cup A,2026-08-28T22:20:00Z,91,64,64,True,False,,,,,,
01a042a1-ec5c-7f0f-ad7d-e1039115bff5,Fifa,Senya vs Gula14,Volta World Cup B,2026-08-28T22:22:00Z,93,22,22,True,False,,,,,,
01a042a1-edd5-7fb3-b6a0-36438d3230a6,Fifa,bucho55 vs Profik,Volta World Cup B,2026-08-28T22:22:00Z,81,11,11,True,False,,,,,,
01a045b2-d6b9-7706-b9e1-41da5c2b73da,Fifa,Paka vs maggett0,Premier League,2026-08-28T22:26:00Z,76,44,44,True,False,,,,,,
01a045b3-90a3-7d87-9e1a-a3b48c963cab,Fifa,vivienne vs Dov1n,Premier League,2026-08-28T22:26:00Z,74,36,36,True,False,,,,,,
01a045b2-35c4-7561-a489-5421fce7dada,Fifa,believer vs Grellz,Serie A,2026-08-28T22:29:00Z,63,31,31,True,False,,,,,,
01a045b2-7c7b-7ab0-ae25-252d5d006e7c,Fifa,Nightxx vs Simaponika,Serie A,2026-08-28T22:29:00Z,106,63,63,True,False,,,,,,
01a045b3-bc87-72cf-b8a1-0dc8a24b5738,Fifa,saportj vs rostyk,Argentina Super League 2x6,2026-08-28T22:30:00Z,104,71,71,True,False,,,,,,
01a042a1-e750-711e-89b9-9c59e86c7e3a,Fifa,Profik vs Senya,Volta World Cup B,2026-08-28T22:31:00Z,78,14,14,True,False,,,,,,
01a042a1-ed87-74a8-9c18-c8387c894fe9,Fifa,Yerema vs bucho55,Volta World Cup B,2026-08-28T22:31:00Z,98,21,21,True,False,,,,,,
01a045b1-d11c-7ce0-8097-5fbbf1de42a2,Fifa,hrk vs Kholys,World Cup A,2026-08-28T22:32:00Z,76,49,49,True,False,,,,,,
01a045b2-28e9-75fb-a3ce-301fc7fd683e,Fifa,Skif vs curuza,World Cup A,2026-08-28T22:32:00Z,79,51,51,True,False,,,,,,
01a045b2-bb0f-7bcd-8ff8-08310f2bd5c5,Fifa,Dov1n vs Maslja,Premier League,2026-08-28T22:38:00Z,70,42,42,True,False,,,,,,
01a045b2-d17c-7607-9f22-4ae6d7287c7a,Fifa,maggett0 vs vivienne,Premier League,2026-08-28T22:38:00Z,97,65,65,True,False,,,,,,
01a045b2-b456-7db8-97ae-077b71a4fe2b,Fifa,Grellz vs nekishka,Serie A,2026-08-28T22:41:00Z,81,56,56,True,False,,,,,,
01a045b2-70df-7872-bdec-6c69d7059ed9,Fifa,Simaponika vs believer,Serie A,2026-08-28T22:41:00Z,64,31,31,True,False,,,,,,
01a045b1-e7be-7fe4-a930-ffb6270bbb0d,Fifa,Kholys vs kirman,World Cup A,2026-08-28T22:44:00Z,74,47,47,True,False,,,,,,
01a045b1-f63a-705f-9bba-76bed8b5e89c,Fifa,curuza vs hrk,World Cup A,2026-08-28T22:44:00Z,62,29,29,True,False,,,,,,
01a045b3-5a24-79c5-85d5-49181738451e,Fifa,k0mych vs rostyk,Argentina Super League 2x6,2026-08-28T22:48:00Z,139,80,80,True,False,,,,,,
01a045b2-eab3-74f6-a8d3-0490695b0be7,Fifa,Paka vs vivienne,Premier League,2026-08-28T22:50:00Z,77,43,43,True,False,,,,,,
01a042a2-bc05-7022-8b26-4e97e941582d,Fifa,Profik vs Gula14,Volta Club World Cup,2026-08-28T22:50:00Z,76,14,14,True,False,,,,,,
01a042a2-b2cb-7b2e-a428-daab8b96875d,Fifa,Yerema vs Senya,Volta Club World Cup,2026-08-28T22:50:00Z,99,30,30,True,False,,,,,,
01a045b2-ed57-7cf5-b801-b49f7b632835,Fifa,maggett0 vs Maslja,Premier League,2026-08-28T22:50:00Z,75,32,32,True,False,,,,,,
01a045b2-a2ad-73fd-8f06-d08808630c0f,Fifa,nekishka vs Simaponika,Serie A,2026-08-28T22:53:00Z,87,50,50,True,False,,,,,,
01a045b2-4986-76e7-ab05-1440f9be1092,Fifa,believer vs Nightxx,Serie A,2026-08-28T22:53:00Z,83,54,54,True,False,,,,,,
01a045b1-f7e3-79e9-adfd-3c53c6e350fb,Fifa,kirman vs curuza,World Cup A,2026-08-28T22:56:00Z,75,45,45,True,False,,,,,,
01a045b1-fe5d-7c93-aff1-833bbb81ef1d,Fifa,hrk vs Skif,World Cup A,2026-08-28T22:56:00Z,70,39,39,True,False,,,,,,
01a042a2-bdb5-722d-b6d9-2f1e4904ba8b,Fifa,Senya vs bucho55,Volta Club World Cup,2026-08-28T22:59:00Z,103,29,29,True,False,,,,,,
01a042a2-b533-7a73-980f-fb14600f1850,Fifa,Gula14 vs Yerema,Volta Club World Cup,2026-08-28T22:59:00Z,97,26,26,True,False,,,,,,
01a045b3-975d-7558-9a13-19fb5410fd84,Fifa,Dov1n vs maggett0,Premier League,2026-08-28T23:02:00Z,91,72,72,True,False,,,,,,
01a045b2-f8ef-7fd0-b32a-5be6c70e0806,Fifa,Maslja vs Paka,Premier League,2026-08-28T23:02:00Z,76,48,48,True,False,,,,,,
01a045b2-5d95-7e3d-94bf-8db729ddd791,Fifa,nekishka vs Nightxx,Serie A,2026-08-28T23:05:00Z,68,33,33,True,False,,,,,,
01a045b3-06f9-71b4-aa5c-92d37011a6df,Fifa,Grellz vs Simaponika,Serie A,2026-08-28T23:05:00Z,82,42,42,True,False,,,,,,
01a045b3-6047-73c8-b378-697faf0fe9a6,Fifa,k0mych vs saportj,Argentina Super League 2x6,2026-08-28T23:06:00Z,110,76,76,True,False,,,,,,
01a042a2-b775-7ffe-8aa9-e4ccd534026d,Fifa,Yerema vs Profik,Volta Club World Cup,2026-08-28T23:08:00Z,119,36,36,True,False,,,,,,
01a045b1-e063-79c1-bebe-cc5a799b1eb9,Fifa,curuza vs Kholys,World Cup A,2026-08-28T23:08:00Z,85,54,54,True,False,,,,,,
01a042a2-b40e-7347-b62a-b1f6fe808012,Fifa,bucho55 vs Gula14,Volta Club World Cup,2026-08-28T23:08:00Z,79,11,11,True,False,,,,,,
01a045b2-1f42-73d6-b975-aa6db7b1a6db,Fifa,Skif vs kirman,World Cup A,2026-08-28T23:08:00Z,79,44,44,True,False,,,,,,
01a045b2-f854-7210-8d84-0e319377c1c1,Fifa,vivienne vs Maslja,Premier League,2026-08-28T23:14:00Z,76,44,44,True,False,,,,,,
01a045b2-ee83-7a8e-abaa-d66e639d0551,Fifa,Paka vs Dov1n,Premier League,2026-08-28T23:14:00Z,77,49,49,True,False,,,,,,
01a045b2-72aa-7c69-96d8-e9940578b816,Fifa,believer vs nekishka,Serie A,2026-08-28T23:17:00Z,72,43,43,True,False,,,,,,
01a042a2-bb2c-7da8-a8fc-1e3387222956,Fifa,Profik vs bucho55,Volta Club World Cup,2026-08-28T23:17:00Z,90,18,18,True,False,,,,,,
01a042a2-b9d9-7ee1-b3e5-277a8cafb6e2,Fifa,Gula14 vs Senya,Volta Club World Cup,2026-08-28T23:17:00Z,98,29,29,True,False,,,,,,
01a045b2-3e1e-7fe5-bb84-6a19ef5961ba,Fifa,Nightxx vs Grellz,Serie A,2026-08-28T23:17:00Z,87,52,52,True,False,,,,,,
01a045b2-0238-70d2-bbd5-1169cc37599e,Fifa,hrk vs kirman,World Cup A,2026-08-28T23:20:00Z,73,43,43,True,False,,,,,,
01a045b1-dea8-7d84-9e9e-8d1679a3ee1b,Fifa,Skif vs Kholys,World Cup A,2026-08-28T23:20:00Z,78,45,45,True,False,,,,,,
01a045b3-21d0-7ab5-9977-d699106fb587,Fifa,rostyk vs saportj,Argentina Super League 2x6,2026-08-28T23:24:00Z,118,68,68,True,False,,,,,,
01a045b3-15d1-7cc3-a1a1-bd282f8b829a,Fifa,maggett0 vs Paka,Premier League,2026-08-28T23:26:00Z,76,49,49,True,False,,,,,,
01a042a2-c4d6-76a5-a966-3ba9532d49b3,Fifa,bucho55 vs Yerema,Volta Club World Cup,2026-08-28T23:26:00Z,119,34,34,True,False,,,,,,
01a045b2-ee5d-7e78-a87f-bb7c73a2fa1c,Fifa,Dov1n vs vivienne,Premier League,2026-08-28T23:26:00Z,93,58,58,True,False,,,,,,
01a042a2-b4a2-7534-b08a-7ed55f4ccccd,Fifa,Senya vs Profik,Volta Club World Cup,2026-08-28T23:26:00Z,90,26,26,True,False,,,,,,
01a045b2-a526-7324-9a40-63a938f6773d,Fifa,Simaponika vs Nightxx,Serie A,2026-08-28T23:29:00Z,88,51,51,True,False,,,,,,
01a045b2-5b28-7dae-869a-948b5aa41c12,Fifa,Grellz vs believer,Serie A,2026-08-28T23:29:00Z,55,24,24,True,False,,,,,,
01a045b1-f68d-757d-abf7-a8af7ee01a07,Fifa,curuza vs Skif,World Cup A,2026-08-28T23:32:00Z,69,40,40,True,False,,,,,,
01a045b1-d92b-7e45-bc73-78cbb50c1da4,Fifa,Kholys vs hrk,World Cup A,2026-08-28T23:32:00Z,73,42,42,True,False,,,,,,
01a042a2-c017-7327-bb86-3c5fe0a5bfa3,Fifa,Gula14 vs Profik,Volta Club World Cup,2026-08-28T23:35:00Z,96,20,20,True,False,,,,,,
01a042a2-b801-7dde-b2d7-87aefe224cd8,Fifa,Senya vs Yerema,Volta Club World Cup,2026-08-28T23:35:00Z,110,23,23,True,False,,,,,,
01a045b2-e1aa-7fe6-9fef-cdf7a71dd78c,Fifa,Maslja vs Dov1n,Premier League,2026-08-28T23:38:00Z,78,53,53,True,False,,,,,,
01a045b3-297f-7278-8047-8cab0e4361ec,Fifa,vivienne vs maggett0,Premier League,2026-08-28T23:38:00Z,86,58,58,True,False,,,,,,
01a045b2-6666-74a7-83c7-de19eb86df31,Fifa,believer vs Simaponika,Serie A,2026-08-28T23:41:00Z,80,54,54,True,False,,,,,,
01a045b2-6390-7e9d-9bfc-ccb14a270c9f,Fifa,nekishka vs Grellz,Serie A,2026-08-28T23:41:00Z,82,55,55,True,False,,,,,,
01a045b3-43b8-7717-8a99-3526f2c7762e,Fifa,rostyk vs k0mych,Argentina Super League 2x6,2026-08-28T23:42:00Z,139,90,90,True,False,,,,,,
01a042a2-b435-7f29-97ac-3169234967a2,Fifa,Yerema vs Gula14,Volta Club World Cup,2026-08-28T23:44:00Z,116,32,32,True,False,,,,,,
01a045b1-fd42-74dd-8161-4dce0c4c60e4,Fifa,hrk vs curuza,World Cup A,2026-08-28T23:44:00Z,71,40,40,True,False,,,,,,
01a045b2-1099-71b4-b35b-5804834b1043,Fifa,kirman vs Kholys,World Cup A,2026-08-28T23:44:00Z,73,43,43,True,False,,,,,,
01a042a2-b78c-7674-a4c5-7d9aff228935,Fifa,bucho55 vs Senya,Volta Club World Cup,2026-08-28T23:44:00Z,90,20,20,True,False,,,,,,
01a042a2-c02a-703c-bcb0-c72fa3ed9fbc,Fifa,Profik vs Yerema,Volta Club World Cup,2026-08-28T23:53:00Z,109,25,25,True,False,,,,,,
01a042a2-c0d4-75f8-b934-59a6223aa76d,Fifa,Gula14 vs bucho55,Volta Club World Cup,2026-08-28T23:53:00Z,103,20,20,True,False,,,,,,
01a045b2-bffe-782d-a819-6ac44b41e8b5,Fifa,Nightxx vs believer,Serie A,2026-08-28T23:53:00Z,56,18,18,True,False,,,,,,
01a045b2-f8b5-75fa-a7d7-78ce52c92fb4,Fifa,Simaponika vs nekishka,Serie A,2026-08-28T23:53:00Z,71,42,42,True,False,,,,,,
01a045b1-f6bb-7b3c-aea5-cbd56ff68f7c,Fifa,curuza vs kirman,World Cup A,2026-08-28T23:56:00Z,80,49,49,True,False,,,,,,
01a045b1-efcf-7775-b8a5-eeeb22cbcedb,Fifa,Skif vs hrk,World Cup A,2026-08-28T23:56:00Z,66,40,40,True,False,,,,,,
01a045b2-d840-7163-b9bf-28ed469ccdb4,Fifa,vivienne vs Paka,World Cup B,2026-08-29T00:00:00Z,73,44,44,True,False,,,,,,
01a045b3-0a35-7620-a629-df494a59a2ab,Fifa,Maslja vs maggett0,World Cup B,2026-08-29T00:00:00Z,85,59,59,True,False,,,,,,
01a045b3-1f70-79c8-8ffb-a970a88953f6,Fifa,saportj vs k0mych,Argentina Super League 2x6,2026-08-29T00:00:00Z,112,68,68,True,False,,,,,,
01a042a2-b7e9-73fe-b43f-7142e45e7e80,Fifa,bucho55 vs Profik,Volta Club World Cup,2026-08-29T00:02:00Z,96,20,20,True,False,,,,,,
01a042a2-b498-79b0-9cbc-71836e13fa23,Fifa,Senya vs Gula14,Volta Club World Cup,2026-08-29T00:02:00Z,88,18,18,True,False,,,,,,
01a045b1-eb9a-7c7d-b9f6-1f99ae6d788c,Fifa,kirman vs Skif,World Cup A,2026-08-29T00:08:00Z,65,38,38,True,False,,,,,,
01a045b2-091b-7c79-b0f8-7b0e625e1787,Fifa,Kholys vs curuza,World Cup A,2026-08-29T00:08:00Z,71,40,40,True,False,,,,,,
01a042a2-bc5f-7b44-b1e5-02752dc03f31,Fifa,Yerema vs bucho55,Volta Club World Cup,2026-08-29T00:11:00Z,102,29,29,True,False,,,,,,
01a042a2-bb5e-7d64-9ea7-45c5b692c951,Fifa,Profik vs Senya,Volta Club World Cup,2026-08-29T00:11:00Z,92,17,17,True,False,,,,,,
01a045b2-eb15-7007-9a95-3ee5ceb9ded8,Fifa,maggett0 vs Dov1n,World Cup B,2026-08-29T00:12:00Z,60,27,27,True,False,,,,,,
01a045b3-17ac-7ab6-aa65-a212e421221c,Fifa,Paka vs Maslja,World Cup B,2026-08-29T00:12:00Z,91,58,58,True,False,,,,,,
01a045b2-6fa4-7b61-a9fa-c5db2a0d7101,Fifa,Nightxx vs nekishka,Champions League B,2026-08-29T00:15:00Z,84,49,49,True,False,,,,,,
01a045b2-55af-73eb-9a18-d2fe48238b47,Fifa,Simaponika vs Grellz,Champions League B,2026-08-29T00:15:00Z,74,39,39,True,False,,,,,,
01a045b3-4026-7745-ade4-7f6acf44f553,Fifa,saportj vs rostyk,Argentina Super League 2x6,2026-08-29T00:18:00Z,123,87,87,True,False,,,,,,
01a045b2-c685-72f6-93e3-66ae12fe7044,Fifa,Dov1n vs Paka,World Cup B,2026-08-29T00:24:00Z,83,54,54,True,False,,,,,,
01a045b2-f684-7e33-999f-0be5232b643d,Fifa,Maslja vs vivienne,World Cup B,2026-08-29T00:24:00Z,63,40,40,True,False,,,,,,
01a045b2-af89-7e36-a9e2-d4eb78fa9139,Fifa,nekishka vs believer,Champions League B,2026-08-29T00:27:00Z,72,42,42,True,False,,,,,,
01a045b2-768b-70f6-87ee-ebe3034753dc,Fifa,Grellz vs Nightxx,Champions League B,2026-08-29T00:27:00Z,84,53,53,True,False,,,,,,
01a045b3-5eab-7ed7-a12d-2cc7eae7f0dd,Fifa,vivienne vs Dov1n,World Cup B,2026-08-29T00:36:00Z,89,59,59,True,False,,,,,,
01a045b3-9d48-7c81-b866-5331491f0a0e,Fifa,Paka vs maggett0,World Cup B,2026-08-29T00:36:00Z,98,65,65,True,False,,,,,,
01a045b2-c73c-7b6c-975e-ee68ef231e53,Fifa,Nightxx vs Simaponika,Champions League B,2026-08-29T00:39:00Z,69,38,38,True,False,,,,,,
01a045b2-8a25-7fbb-b5b3-935c9648c5d7,Fifa,believer vs Grellz,Champions League B,2026-08-29T00:39:00Z,101,62,62,True,False,,,,,,
01a045b2-2567-7fd9-a8c5-5d6a001b5765,Fifa,kirman vs hrk,Champions League A,2026-08-29T00:40:00Z,71,41,41,True,False,,,,,,
01a042a3-5f97-73b8-b989-7eeb5586332f,Fifa,Yerema vs Senya,Volta International A,2026-08-29T00:40:00Z,87,23,23,True,False,,,,,,
01a045b1-fc00-7ed5-ac51-f0b522053c59,Fifa,Kholys vs Skif,Champions League A,2026-08-29T00:40:00Z,87,59,59,True,False,,,,,,
01a042a3-6666-7fd4-9f44-07e8f46a25ee,Fifa,Profik vs Gula14,Volta International A,2026-08-29T00:40:00Z,85,20,20,True,False,,,,,,
01a045b3-1b99-7eaf-a8e8-e3241ef32e54,Fifa,Dov1n vs Maslja,World Cup B,2026-08-29T00:48:00Z,79,56,56,True,False,,,,,,
01a045b3-30ee-7e67-9bfb-7023233fbc73,Fifa,maggett0 vs vivienne,World Cup B,2026-08-29T00:48:00Z,85,56,56,True,False,,,,,,
01a042a3-6df4-719c-8326-96c20f13d1da,Fifa,Senya vs bucho55,Volta International A,2026-08-29T00:49:00Z,128,32,32,True,False,,,,,,
01a042a3-6056-790b-ad30-5a22da19ed5e,Fifa,Gula14 vs Yerema,Volta International A,2026-08-29T00:49:00Z,108,25,25,True,False,,,,,,
01a045b3-440e-7a5d-aaba-25bfefb0215e,Fifa,k0mych vs rostyk,LaLiga 2x6,2026-08-29T00:50:00Z,117,79,79,True,False,,,,,,
01a045b2-44c3-7481-a0fb-160df8759386,Fifa,Simaponika vs believer,Champions League B,2026-08-29T00:51:00Z,58,26,26,True,False,,,,,,
01a045b3-27c3-7215-b1fe-eef221289bbd,Fifa,Grellz vs nekishka,Champions League B,2026-08-29T00:51:00Z,79,44,44,True,False,,,,,,
01a045b2-1958-7db9-8657-225b0b5f8b3e,Fifa,hrk vs Kholys,Champions League A,2026-08-29T00:52:00Z,84,55,55,True,False,,,,,,
01a045b1-ec6f-7c05-be0d-b14ac7eb95b5,Fifa,Skif vs curuza,Champions League A,2026-08-29T00:52:00Z,60,33,33,True,False,,,,,,
01a042a3-6769-7a05-ae90-855604c7c0c1,Fifa,Yerema vs Profik,Volta International A,2026-08-29T00:58:00Z,133,37,37,True,False,,,,,,
01a042a3-6159-7e3a-950a-dbbc8b394a2f,Fifa,bucho55 vs Gula14,Volta International A,2026-08-29T00:58:00Z,103,29,29,True,False,,,,,,
01a045b2-f0ea-72ca-984b-face22982c76,Fifa,Paka vs vivienne,World Cup B,2026-08-29T01:00:00Z,91,58,58,True,False,,,,,,
01a045b2-d501-7ca8-997e-9bcbee31381a,Fifa,maggett0 vs Maslja,World Cup B,2026-08-29T01:00:00Z,66,40,40,True,False,,,,,,
01a045b2-732b-71cc-8506-88b5c912996a,Fifa,believer vs Nightxx,Champions League B,2026-08-29T01:03:00Z,77,47,47,True,False,,,,,,
01a045b2-7df1-7c8f-97ea-7539ea3cd369,Fifa,nekishka vs Simaponika,Champions League B,2026-08-29T01:03:00Z,79,49,49,True,False,,,,,,
01a045b2-310b-7fe4-8094-c57dec11d053,Fifa,Kholys vs kirman,Champions League A,2026-08-29T01:04:00Z,76,45,45,True,False,,,,,,
01a045b1-fde9-7454-98be-45d848cc73f4,Fifa,curuza vs hrk,Champions League A,2026-08-29T01:04:00Z,68,43,43,True,False,,,,,,
01a042a3-6b27-7b99-b74b-d87fbf3a4fe9,Fifa,Gula14 vs Senya,Volta International A,2026-08-29T01:07:00Z,99,26,26,True,False,,,,,,
01a042a3-62ff-7a27-8904-89471b12ee78,Fifa,Profik vs bucho55,Volta International A,2026-08-29T01:07:00Z,91,22,22,True,False,,,,,,
01a045b3-2a30-7148-a5a4-7ef6634cfa0e,Fifa,k0mych vs saportj,LaLiga 2x6,2026-08-29T01:08:00Z,127,56,56,True,False,,,,,,
01a045b3-6bad-7b66-89f0-5f8cf18dcb17,Fifa,Dov1n vs maggett0,World Cup B,2026-08-29T01:12:00Z,102,73,73,True,False,,,,,,
01a045b2-e375-7398-9b90-c873cc756388,Fifa,Maslja vs Paka,World Cup B,2026-08-29T01:12:00Z,60,26,26,True,False,,,,,,
01a045b3-1515-7d3d-b99c-39270729e260,Fifa,nekishka vs Nightxx,Champions League B,2026-08-29T01:15:00Z,87,59,59,True,False,,,,,,
01a045b2-4b8f-7373-986e-7975ee177f69,Fifa,Grellz vs Simaponika,Champions League B,2026-08-29T01:15:00Z,82,48,48,True,False,,,,,,
01a042a3-66e7-7c53-ae99-6d235946f514,Fifa,bucho55 vs Yerema,Volta International A,2026-08-29T01:16:00Z,97,32,32,True,False,,,,,,
01a045b2-0026-7acc-aa34-7390e9f94c45,Fifa,hrk vs Skif,Champions League A,2026-08-29T01:16:00Z,71,44,44,True,False,,,,,,
01a042a3-6605-7057-987e-7f86acff3fbe,Fifa,Senya vs Profik,Volta International A,2026-08-29T01:16:00Z,110,25,25,True,False,,,,,,
01a045b2-08f6-7565-bf93-9f1393a658af,Fifa,kirman vs curuza,Champions League A,2026-08-29T01:16:00Z,63,33,33,True,False,,,,,,
01a045b3-2201-7d7a-9fa4-a23d0414d1b3,Fifa,vivienne vs Maslja,World Cup B,2026-08-29T01:24:00Z,84,52,52,True,False,,,,,,
01a045b3-1e75-779b-9042-50d1b7c8439f,Fifa,Paka vs Dov1n,World Cup B,2026-08-29T01:24:00Z,85,56,56,True,False,,,,,,
01a042a3-6d4f-783f-85d6-8f14a46350e7,Fifa,Gula14 vs Profik,Volta International A,2026-08-29T01:25:00Z,78,11,11,True,False,,,,,,
01a042a3-6a9f-76f7-a12a-f6b3d76e5c99,Fifa,Senya vs Yerema,Volta International A,2026-08-29T01:25:00Z,132,41,41,True,False,,,,,,
01a045b3-332d-7226-bdcb-be5a3afc1dde,Fifa,rostyk vs saportj,LaLiga 2x6,2026-08-29T01:26:00Z,104,71,71,True,False,,,,,,
01a045b2-68fa-783c-a679-f4a217d8aa01,Fifa,Nightxx vs Grellz,Champions League B,2026-08-29T01:27:00Z,81,50,50,True,False,,,,,,
01a045b2-cf6f-73f2-b611-7b8c840527da,Fifa,believer vs nekishka,Champions League B,2026-08-29T01:27:00Z,73,44,44,True,False,,,,,,
01a045b1-d459-75a5-8c3a-eb01c270e972,Fifa,Skif vs kirman,Champions League A,2026-08-29T01:28:00Z,79,52,52,True,False,,,,,,
01a045b2-52c4-77db-a12a-0be35d532d96,Fifa,curuza vs Kholys,Champions League A,2026-08-29T01:28:00Z,71,35,35,True,False,,,,,,
01a042a3-6c42-702c-ba1f-63a2434b0d34,Fifa,bucho55 vs Senya,Volta International A,2026-08-29T01:34:00Z,102,30,30,True,False,,,,,,
01a042a3-6c87-7e42-aefd-73d1d60f202e,Fifa,Yerema vs Gula14,Volta International A,2026-08-29T01:34:00Z,88,14,14,True,False,,,,,,
01a045b2-f821-79ff-87cb-984b51cd3ffe,Fifa,maggett0 vs Paka,World Cup B,2026-08-29T01:36:00Z,76,48,48,True,False,,,,,,
01a045b3-024a-75bf-9af7-7669ef6d2795,Fifa,Dov1n vs vivienne,World Cup B,2026-08-29T01:36:00Z,73,41,41,True,False,,,,,,
01a045b2-724e-7a38-b1bd-6d2eb996875c,Fifa,Simaponika vs Nightxx,Champions League B,2026-08-29T01:39:00Z,96,64,64,True,False,,,,,,
01a045b2-692b-7097-b004-22d8a87dc1b8,Fifa,Grellz vs believer,Champions League B,2026-08-29T01:39:00Z,77,49,49,True,False,,,,,,
01a045b1-fe63-7b6c-bff2-acf9bd63d871,Fifa,hrk vs kirman,Champions League A,2026-08-29T01:40:00Z,71,39,39,True,False,,,,,,
01a045b2-392b-727e-9e95-aab2987a9555,Fifa,Skif vs Kholys,Champions League A,2026-08-29T01:40:00Z,71,41,41,True,False,,,,,,
01a042a3-6fdc-72ba-b5c7-73d517e33038,Fifa,Profik vs Yerema,Volta International A,2026-08-29T01:43:00Z,114,32,32,True,False,,,,,,
01a042a3-6aca-788a-8fea-3588879db357,Fifa,Gula14 vs bucho55,Volta International A,2026-08-29T01:43:00Z,81,11,11,True,False,,,,,,
01a045b3-66ad-722a-9069-5acd237ce4b9,Fifa,rostyk vs k0mych,LaLiga 2x6,2026-08-29T01:44:00Z,115,67,67,True,False,,,,,,
01a045b3-65ff-7658-af80-d86379784018,Fifa,vivienne vs maggett0,World Cup B,2026-08-29T01:48:00Z,96,72,72,True,False,,,,,,
01a045b2-f724-7c25-81b7-71be32a91b65,Fifa,Maslja vs Dov1n,World Cup B,2026-08-29T01:48:00Z,85,50,50,True,False,,,,,,
01a045b2-797a-727d-899c-29bb9819a662,Fifa,nekishka vs Grellz,Champions League B,2026-08-29T01:51:00Z,74,38,38,True,False,,,,,,
01a045b2-8716-7c0b-b507-b218a6894b6a,Fifa,believer vs Simaponika,Champions League B,2026-08-29T01:51:00Z,76,44,44,True,False,,,,,,
01a045b2-454c-7d7a-8f20-2f299db014ca,Fifa,Kholys vs hrk,Champions League A,2026-08-29T01:52:00Z,68,42,42,True,False,,,,,,
01a042a3-6e03-7d62-87f4-bf9752901784,Fifa,Senya vs Gula14,Volta International A,2026-08-29T01:52:00Z,109,30,30,True,False,,,,,,
01a045b2-07b4-736a-a975-341647db04be,Fifa,curuza vs Skif,Champions League A,2026-08-29T01:52:00Z,86,57,57,True,False,,,,,,
01a042a3-679c-7779-9838-b217c7faa451,Fifa,bucho55 vs Profik,Volta International A,2026-08-29T01:52:00Z,105,23,23,True,False,,,,,,
01a042a3-65cc-7d65-b823-d885fc179586,Fifa,Profik vs Senya,Volta International A,2026-08-29T02:01:00Z,81,14,14,True,False,,,,,,
01a042a3-71d6-701a-b547-bbd89236591e,Fifa,Yerema vs bucho55,Volta International A,2026-08-29T02:01:00Z,101,23,23,True,False,,,,,,
01a045b3-c1c8-76d7-8df9-3353e7039efa,Fifa,saportj vs k0mych,LaLiga 2x6,2026-08-29T02:02:00Z,106,59,59,True,False,,,,,,
01a045b3-20e6-7d2f-abbb-bffe0968c336,Fifa,Simaponika vs nekishka,Champions League B,2026-08-29T02:03:00Z,79,46,46,True,False,,,,,,
01a045b3-2f5c-7c76-a662-30d7d0bbc7ca,Fifa,Nightxx vs believer,Champions League B,2026-08-29T02:03:00Z,79,44,44,True,False,,,,,,
01a045b2-1597-71a8-9ac7-57daaedd3ab1,Fifa,hrk vs curuza,Champions League A,2026-08-29T02:04:00Z,73,44,44,True,False,,,,,,
01a045b2-0804-7f3f-8501-4bafab752f47,Fifa,kirman vs Kholys,Champions League A,2026-08-29T02:04:00Z,74,51,51,True,False,,,,,,
01a045b1-f7a5-7ffc-bcc2-e43def3c5209,Fifa,Skif vs hrk,Champions League A,2026-08-29T02:16:00Z,60,29,29,True,False,,,,,,
01a045b2-248e-7896-ba7e-8d2b81b2b537,Fifa,curuza vs kirman,Champions League A,2026-08-29T02:16:00Z,71,39,39,True,False,,,,,,
01a042a4-3d22-78c1-ae71-7df30d25cdaa,Fifa,Profik vs Gula14,Volta BundesLiga,2026-08-29T02:20:00Z,95,23,23,True,False,,,,,,
01a042a4-3597-7765-a1e3-2dac80c5d9e6,Fifa,Yerema vs Senya,Volta BundesLiga,2026-08-29T02:20:00Z,128,45,45,True,False,,,,,,
01a045b3-261f-7e79-a21c-ddaca6cf6620,Fifa,saportj vs rostyk,LaLiga 2x6,2026-08-29T02:20:00Z,107,69,69,True,False,,,,,,
01a045b3-249b-72dd-93ab-a462e8d49b3c,Fifa,vivienne vs Paka,Champions League B,2026-08-29T02:20:00Z,105,72,72,True,False,,,,,,
01a045b3-01a3-786e-8057-aebda449438b,Fifa,Maslja vs maggett0,Champions League B,2026-08-29T02:20:00Z,75,49,49,True,False,,,,,,
01a045b2-5f2d-7a8a-a8bc-3836183e751d,Fifa,Kholys vs curuza,Champions League A,2026-08-29T02:28:00Z,61,32,32,True,False,,,,,,
01a045b1-e17c-77f9-af3b-a176a476bf52,Fifa,kirman vs Skif,Champions League A,2026-08-29T02:28:00Z,63,39,39,True,False,,,,,,
01a042a4-421d-726c-a22d-ca5077a3e45e,Fifa,Senya vs bucho55,Volta BundesLiga,2026-08-29T02:29:00Z,97,20,20,True,False,,,,,,
01a042a4-35fc-77e6-bbf2-4eea4d9d2f6e,Fifa,Gula14 vs Yerema,Volta BundesLiga,2026-08-29T02:29:00Z,102,29,29,True,False,,,,,,
01a045b3-0aeb-7315-bc07-cd02f7fb2581,Fifa,Paka vs Maslja,Champions League B,2026-08-29T02:32:00Z,71,41,41,True,False,,,,,,
01a045b3-0c39-7c6d-a6ed-667835f181bd,Fifa,maggett0 vs Dov1n,Champions League B,2026-08-29T02:32:00Z,93,62,62,True,False,,,,,,
01a045b2-917b-7280-8f69-bc4fc4c3171f,Fifa,Simaponika vs Grellz,Club World Cup,2026-08-29T02:35:00Z,78,50,50,True,False,,,,,,
01a045b2-b296-7b03-85c7-e944f1689040,Fifa,Nightxx vs nekishka,Club World Cup,2026-08-29T02:35:00Z,84,51,51,True,False,,,,,,
01a045b3-2e94-77cb-a7ac-0f218c88163f,Fifa,k0mych vs rostyk,LaLiga 2x6,2026-08-29T02:38:00Z,102,53,53,True,False,,,,,,
01a042a4-3870-7774-b6d9-c274c71d46f7,Fifa,bucho55 vs Gula14,Volta BundesLiga,2026-08-29T02:38:00Z,92,19,19,True,False,,,,,,
01a042a4-3f27-713a-9acd-e9c155610b1b,Fifa,Yerema vs Profik,Volta BundesLiga,2026-08-29T02:38:00Z,107,18,18,True,False,,,,,,
01a045b3-70fe-701a-8167-8851735bb1be,Fifa,Maslja vs vivienne,Champions League B,2026-08-29T02:44:00Z,92,61,61,True,False,,,,,,
01a045b3-a2b9-7679-9bb0-7522df7467c6,Fifa,Dov1n vs Paka,Champions League B,2026-08-29T02:44:00Z,64,32,32,True,False,,,,,,
01a045b2-bc17-71ef-afea-d814fe6a50a3,Fifa,Grellz vs Nightxx,Club World Cup,2026-08-29T02:47:00Z,92,61,61,True,False,,,,,,
01a042a4-3f98-71c3-892c-e98e877405cb,Fifa,Gula14 vs Senya,Volta BundesLiga,2026-08-29T02:47:00Z,91,23,23,True,False,,,,,,
01a042a4-3628-7170-a855-a39feec88321,Fifa,Profik vs bucho55,Volta BundesLiga,2026-08-29T02:47:00Z,95,23,23,True,False,,,,,,
01a045b2-8a7a-70e0-a8d6-3a4f6d2b3c43,Fifa,nekishka vs believer,Club World Cup,2026-08-29T02:47:00Z,67,34,34,True,False,,,,,,
01a045b2-172f-73e7-a0bc-afe25fc5de34,Fifa,Kholys vs Skif,Serie A,2026-08-29T02:50:00Z,80,51,51,True,False,,,,,,
01a045b2-1896-7860-a4fc-1aa057aeeb47,Fifa,kirman vs hrk,Serie A,2026-08-29T02:50:00Z,62,33,33,True,False,,,,,,
01a045b3-af15-7765-bd88-2e4ca58bdf07,Fifa,Paka vs maggett0,Champions League B,2026-08-29T02:56:00Z,72,42,42,True,False,,,,,,
01a042a4-38f0-75fb-be71-261dae6f2811,Fifa,Senya vs Profik,Volta BundesLiga,2026-08-29T02:56:00Z,101,18,18,True,False,,,,,,
01a045b3-0263-7a31-a1b7-2b64ff61ffb0,Fifa,vivienne vs Dov1n,Champions League B,2026-08-29T02:56:00Z,72,38,38,True,False,,,,,,
01a045b3-3719-768e-a8bc-c68b7b169a4c,Fifa,k0mych vs saportj,LaLiga 2x6,2026-08-29T02:56:00Z,110,69,69,True,False,,,,,,
01a042a4-4e09-7b21-ae74-b49e9e7330a7,Fifa,bucho55 vs Yerema,Volta BundesLiga,2026-08-29T02:56:00Z,96,26,26,True,False,,,,,,
01a045b2-7cee-70c5-bd0c-c9db15fdcb68,Fifa,believer vs Grellz,Club World Cup,2026-08-29T02:59:00Z,61,30,30,True,False,,,,,,
01a045b2-59f1-7de5-b24a-0b6c55e498a8,Fifa,Nightxx vs Simaponika,Club World Cup,2026-08-29T02:59:00Z,79,46,46,True,False,,,,,,
01a045b2-4741-78c5-84a2-6b688d0fe863,Fifa,Skif vs curuza,Serie A,2026-08-29T03:02:00Z,76,47,47,True,False,,,,,,
01a045b2-3d03-75e0-b1e3-03ed85e070da,Fifa,hrk vs Kholys,Serie A,2026-08-29T03:02:00Z,73,46,46,True,False,,,,,,
01a042a4-3878-700a-b2ce-e44f1800983e,Fifa,Senya vs Yerema,Volta BundesLiga,2026-08-29T03:05:00Z,104,29,29,True,False,,,,,,
01a042a4-4103-73a9-92d0-7620400121a0,Fifa,Gula14 vs Profik,Volta BundesLiga,2026-08-29T03:05:00Z,85,14,14,True,False,,,,,,
01a045b3-4c79-7fad-a251-cc8508b748d3,Fifa,Dov1n vs Maslja,Champions League B,2026-08-29T03:08:00Z,77,44,44,True,False,,,,,,
01a045b3-1932-70ec-a859-478e2ca21435,Fifa,maggett0 vs vivienne,Champions League B,2026-08-29T03:08:00Z,98,64,64,True,False,,,,,,
01a045b2-6565-7c56-9f6c-5127169ee496,Fifa,Grellz vs nekishka,Club World Cup,2026-08-29T03:11:00Z,74,44,44,True,False,,,,,,
01a045b2-72eb-7fde-b195-5a386165fa0b,Fifa,Simaponika vs believer,Club World Cup,2026-08-29T03:11:00Z,83,50,50,True,False,,,,,,
01a042a4-4202-7d68-b03b-929bd7ec5863,Fifa,Yerema vs Gula14,Volta BundesLiga,2026-08-29T03:14:00Z,90,26,26,True,False,,,,,,
01a045b2-6817-7477-9b09-41ed1708ff77,Fifa,curuza vs hrk,Serie A,2026-08-29T03:14:00Z,86,57,57,True,False,,,,,,
01a045b1-f43f-77ca-83f8-fc9d32dc1a15,Fifa,Kholys vs kirman,Serie A,2026-08-29T03:14:00Z,72,46,46,True,False,,,,,,
01a042a4-3d06-7624-a69b-4855c16e3fe6,Fifa,bucho55 vs Senya,Volta BundesLiga,2026-08-29T03:14:00Z,81,20,20,True,False,,,,,,
01a045b3-4c16-7bb5-90c4-8cc0a470717d,Fifa,rostyk vs saportj,LaLiga 2x6,2026-08-29T03:14:00Z,122,74,74,True,False,,,,,,
01a045b3-05f4-70d1-a7bf-204d39894f4e,Fifa,Paka vs vivienne,Champions League B,2026-08-29T03:20:00Z,92,48,48,True,False,,,,,,
01a045b3-14a6-77dc-be08-d8889218df77,Fifa,maggett0 vs Maslja,Champions League B,2026-08-29T03:20:00Z,114,86,86,True,False,,,,,,
01a045b2-d3ea-7999-be86-00d66d320658,Fifa,believer vs Nightxx,Club World Cup,2026-08-29T03:23:00Z,76,46,46,True,False,,,,,,
01a042a4-4672-7283-85e9-f2f405d4134d,Fifa,Gula14 vs bucho55,Volta BundesLiga,2026-08-29T03:23:00Z,84,17,17,True,False,,,,,,
01a042a4-404b-7475-bc4d-86cbf6fa7868,Fifa,Profik vs Yerema,Volta BundesLiga,2026-08-29T03:23:00Z,116,35,35,True,False,,,,,,
01a045b2-bc4e-75cf-8bed-01f08b9c68e0,Fifa,nekishka vs Simaponika,Club World Cup,2026-08-29T03:23:00Z,89,55,55,True,False,,,,,,
01a045b2-1692-7e62-8626-167cbd01ee20,Fifa,kirman vs curuza,Serie A,2026-08-29T03:26:00Z,66,33,33,True,False,,,,,,
01a045b2-36eb-747d-80c6-743a58ce3bc3,Fifa,hrk vs Skif,Serie A,2026-08-29T03:26:00Z,72,46,46,True,False,,,,,,
01a045b3-a78f-74e5-ae91-72860a3a8f7e,Fifa,Dov1n vs maggett0,Champions League B,2026-08-29T03:32:00Z,82,52,52,True,False,,,,,,
01a045b3-2340-7df6-b530-8265e8dffc17,Fifa,rostyk vs k0mych,LaLiga 2x6,2026-08-29T03:32:00Z,115,71,71,True,False,,,,,,
01a042a4-3fd2-76f7-81ae-082f333b33bd,Fifa,Senya vs Gula14,Volta BundesLiga,2026-08-29T03:32:00Z,123,32,32,True,False,,,,,,
01a045b3-010b-70ea-8a2f-fc8d32566e53,Fifa,Maslja vs Paka,Champions League B,2026-08-29T03:32:00Z,76,47,47,True,False,,,,,,
01a042a4-3a81-70ab-8f95-4a4b17c167e5,Fifa,bucho55 vs Profik,Volta BundesLiga,2026-08-29T03:32:00Z,125,29,29,True,False,,,,,,
01a045b2-5032-74e6-92d2-900f825a1e33,Fifa,nekishka vs Nightxx,Club World Cup,2026-08-29T03:35:00Z,89,63,63,True,False,,,,,,
01a045b2-7181-7cad-a10b-5a63fd578fa2,Fifa,Grellz vs Simaponika,Club World Cup,2026-08-29T03:35:00Z,88,61,61,True,False,,,,,,
01a045b1-ecb0-705a-bfc4-9f6478e74f1c,Fifa,Skif vs kirman,Serie A,2026-08-29T03:38:00Z,77,48,48,True,False,,,,,,
01a045b2-5371-7d5e-96eb-28b426dde8a0,Fifa,curuza vs Kholys,Serie A,2026-08-29T03:38:00Z,90,63,63,True,False,,,,,,
01a042a4-3a70-7dc6-bd9e-4777a48603a4,Fifa,Profik vs Senya,Volta BundesLiga,2026-08-29T03:41:00Z,85,17,17,True,False,,,,,,
01a042a4-41c0-71f1-8404-a13bc22d7dc4,Fifa,Yerema vs bucho55,Volta BundesLiga,2026-08-29T03:41:00Z,97,20,20,True,False,,,,,,
01a045b3-3a42-7d4e-a662-81a81a872423,Fifa,Paka vs Dov1n,Champions League B,2026-08-29T03:44:00Z,101,74,74,True,False,,,,,,
01a045b3-1797-7af0-bed2-0617aa9af8b1,Fifa,vivienne vs Maslja,Champions League B,2026-08-29T03:44:00Z,90,62,62,True,False,,,,,,
01a045b2-ddb8-7cfe-a36f-1f044498c948,Fifa,Nightxx vs Grellz,Club World Cup,2026-08-29T03:47:00Z,91,64,64,True,False,,,,,,
01a045b2-95d9-7d61-aeca-c01a7fee4a57,Fifa,believer vs nekishka,Club World Cup,2026-08-29T03:47:00Z,83,53,53,True,False,,,,,,
01a045b1-f033-726e-89e6-159d5204108d,Fifa,Skif vs Kholys,Serie A,2026-08-29T03:50:00Z,66,36,36,True,False,,,,,,
01a045b2-737b-7a56-95c6-e920bdc06f03,Fifa,hrk vs kirman,Serie A,2026-08-29T03:50:00Z,77,49,49,True,False,,,,,,
01a045b3-4651-7003-9fed-7035171945e2,Fifa,maggett0 vs Paka,Champions League B,2026-08-29T03:56:00Z,74,43,43,True,False,,,,,,
01a045b3-2901-7c5e-83ff-4b457a3f88c1,Fifa,Dov1n vs vivienne,Champions League B,2026-08-29T03:56:00Z,76,42,42,True,False,,,,,,
01a045b2-7ecc-7b10-896a-e63b82a24b6a,Fifa,Grellz vs believer,Club World Cup,2026-08-29T03:59:00Z,85,53,53,True,False,,,,,,
01a045b2-8589-7d3e-895c-8a7f8781172b,Fifa,Simaponika vs Nightxx,Club World Cup,2026-08-29T03:59:00Z,90,67,67,True,False,,,,,,
01a048ad-e77f-71f5-87c4-a7b0a24f62f7,Fifa,zoyir vs riko,Premier League 2x6,2026-08-29T04:00:00Z,92,41,41,True,False,,,,,,
01a048ad-f149-7e13-997b-038993b1ed9f,Fifa,flamez vs v1nniePuh,Premier League 2x6,2026-08-29T04:00:00Z,125,80,80,True,False,,,,,,
01a0489c-2d58-765f-beb0-7c692e7430c8,Fifa,Legion vs Mers,Volta World Cup C,2026-08-29T04:00:00Z,84,29,29,True,False,,,,,,
01a0489c-1f2e-73ba-802b-dc758cecc9d0,Fifa,Rocket vs Radahn,Volta World Cup C,2026-08-29T04:00:00Z,88,20,20,True,False,,,,,,
01a045b2-0935-7867-ab60-e102c63485c4,Fifa,Kholys vs hrk,Serie A,2026-08-29T04:02:00Z,56,25,25,True,False,,,,,,
01a045b2-1536-7f65-b974-66cb60c84a56,Fifa,curuza vs Skif,Serie A,2026-08-29T04:02:00Z,59,29,29,True,False,,,,,,
01a045b3-0d5b-7ef6-aed7-90d4006a591d,Fifa,vivienne vs maggett0,Champions League B,2026-08-29T04:08:00Z,57,25,25,True,False,,,,,,
01a045b3-b2d5-7bf5-adb6-448683e8a2b4,Fifa,Maslja vs Dov1n,Champions League B,2026-08-29T04:08:00Z,75,44,44,True,False,,,,,,
01a0489c-1f3f-7c37-a5e8-79499ef42153,Fifa,Mers vs Rocket,Volta World Cup C,2026-08-29T04:09:00Z,77,17,17,True,False,,,,,,
01a045b2-c7b3-7cb2-b4b6-0a727c213e23,Fifa,believer vs Simaponika,Club World Cup,2026-08-29T04:11:00Z,78,51,51,True,False,,,,,,
01a045b2-dd49-7a7c-9859-a28b332c7fea,Fifa,nekishka vs Grellz,Club World Cup,2026-08-29T04:11:00Z,68,43,43,True,False,,,,,,
01a045b2-25f9-7f6a-ba6a-4f5bd70c1b55,Fifa,kirman vs Kholys,Serie A,2026-08-29T04:14:00Z,87,58,58,True,False,,,,,,
01a045b2-0c99-7254-98ac-148bccab6d13,Fifa,hrk vs curuza,Serie A,2026-08-29T04:14:00Z,77,50,50,True,False,,,,,,
01a048ad-e7af-7b84-a728-f129e4a0e645,Fifa,v1nniePuh vs zoyir,Premier League 2x6,2026-08-29T04:18:00Z,95,66,66,True,False,,,,,,
01a0489c-26d1-7174-901f-3e396565aca4,Fifa,alosdvxl vs Mers,Volta World Cup C,2026-08-29T04:18:00Z,6,0,0,True,False,,,,,,
01a048ad-ec13-704a-8111-70321496ccf7,Fifa,riko vs Frantsuz,Premier League 2x6,2026-08-29T04:18:00Z,89,41,41,True,False,,,,,,
01a0489c-2cf4-72b9-8135-e877369380e5,Fifa,Rocket vs Legion,Volta World Cup C,2026-08-29T04:18:00Z,79,23,23,True,False,,,,,,
01a045b2-ec92-7150-a438-a9365a6b60b3,Fifa,Simaponika vs nekishka,Club World Cup,2026-08-29T04:23:00Z,80,50,50,True,False,,,,,,
01a045b2-f851-75db-9635-7346e225eab2,Fifa,Nightxx vs believer,Club World Cup,2026-08-29T04:23:00Z,77,46,46,True,False,,,,,,
01a045b1-f911-7231-b561-55a80771a651,Fifa,Skif vs hrk,Serie A,2026-08-29T04:26:00Z,81,52,52,True,False,,,,,,
01a045b2-1617-75f9-9404-8dd4a5ee2a31,Fifa,curuza vs kirman,Serie A,2026-08-29T04:26:00Z,62,31,31,True,False,,,,,,
01a0489c-2cf7-73f2-ad76-f7d37be26f19,Fifa,Mers vs Radahn,Volta World Cup C,2026-08-29T04:27:00Z,92,26,26,True,False,,,,,,
01a0489c-219b-774e-aa9a-f0610e8a4960,Fifa,Legion vs alosdvxl,Volta World Cup C,2026-08-29T04:27:00Z,6,0,0,True,False,,,,,,
01a048b5-6171-7bb1-b2d5-8ef6a38953f1,Fifa,Taz vs Totti,Bundesliga,2026-08-29T04:30:00Z,93,63,63,True,False,,,,,,
01a048b5-5a88-7841-a3ec-b451fc1cf588,Fifa,Pavlinho19 vs Hyper,Bundesliga,2026-08-29T04:30:00Z,66,38,38,True,False,,,,,,
01a0489c-29ff-72c3-a59f-3abcc69debaf,Fifa,alosdvxl vs Rocket,Volta World Cup C,2026-08-29T04:36:00Z,1,0,0,True,False,,,,,,thin_trading(<5 updates)
01a048ad-f429-7ddb-9918-1ffcccd56964,Fifa,zoyir vs flamez,Premier League 2x6,2026-08-29T04:36:00Z,91,54,54,True,False,,,,,,
01a0489c-21ad-7a6f-82eb-541c04dde14f,Fifa,Radahn vs Legion,Volta World Cup C,2026-08-29T04:36:00Z,85,23,23,True,False,,,,,,
01a048ad-e99b-7580-b1b3-a0ccc9a591d8,Fifa,Frantsuz vs v1nniePuh,Premier League 2x6,2026-08-29T04:36:00Z,107,67,67,True,False,,,,,,
01a045b2-30ff-7e8b-9482-ee1e68318c1e,Fifa,kirman vs Skif,Serie A,2026-08-29T04:38:00Z,74,46,46,True,False,,,,,,
01a045b2-7f3b-7147-8df5-f300ea76cc5e,Fifa,Kholys vs curuza,Serie A,2026-08-29T04:38:00Z,82,56,56,True,False,,,,,,
01a048b5-5d3f-7367-a28a-3943f33ca7b6,Fifa,Hyper vs Tesla,Bundesliga,2026-08-29T04:42:00Z,70,34,34,True,False,,,,,,
01a048b5-5a45-7f4c-b2e3-db3a6e8a74ba,Fifa,Totti vs Pavlinho19,Bundesliga,2026-08-29T04:42:00Z,86,45,45,True,False,,,,,,
01a048bb-1e05-7d71-9ab7-0d811576d85c,Fifa,Upcake22 vs Uncle,World Cup A,2026-08-29T04:45:00Z,94,61,61,True,False,,,,,,
01a0489c-28b3-7b1a-a491-a7110484fe51,Fifa,Mers vs Legion,Volta World Cup C,2026-08-29T04:45:00Z,80,20,20,True,False,,,,,,
01a0489c-216f-75cb-a06b-5c0d233e8c71,Fifa,Radahn vs Rocket,Volta World Cup C,2026-08-29T04:45:00Z,80,26,26,True,False,,,,,,
01a048b5-59a5-7a94-97e8-c6ccc30b819b,Fifa,Tesla vs Totti,Bundesliga,2026-08-29T04:54:00Z,69,42,42,True,False,,,,,,
01a0489c-2391-70fd-a6a6-d2a7f8ad3fc8,Fifa,Rocket vs Mers,Volta World Cup C,2026-08-29T04:54:00Z,85,29,29,True,False,,,,,,
01a048ad-f637-749b-8ab5-0fb1b5337a6f,Fifa,v1nniePuh vs riko,Premier League 2x6,2026-08-29T04:54:00Z,90,53,53,True,False,,,,,,
01a048ad-e87c-7b9f-a1cf-e0e4faf45410,Fifa,flamez vs Frantsuz,Premier League 2x6,2026-08-29T04:54:00Z,100,52,52,True,False,,,,,,
01a0489c-285b-787f-b93f-e6afbe710a53,Fifa,alosdvxl vs Radahn,Volta World Cup C,2026-08-29T04:54:00Z,91,38,38,True,False,,,,,,
01a048b5-6032-73cf-9216-55528f45576d,Fifa,Pavlinho19 vs Taz,Bundesliga,2026-08-29T04:54:00Z,97,65,65,True,False,,,,,,
01a048bb-1f79-7262-be22-d8a11dcd5292,Fifa,KraftVK vs v1nn,World Cup A,2026-08-29T04:57:00Z,100,69,69,True,False,,,,,,
01a048bb-1460-7ae2-892b-9467fccaae88,Fifa,Uncle vs A1ose,World Cup A,2026-08-29T04:57:00Z,84,58,58,True,False,,,,,,
01a0420e-ee2a-746b-ad83-c44c8ca369fa,Fifa,Virtual_10 vs Virtual_11,Asian Champions League (Virtual eComp),2026-08-29T05:00:00Z,75,41,41,True,False,,,,,,
01a048c1-cd66-7af2-ab27-1801d0798aea,Fifa,Revange vs MeLToSik,Europa League,2026-08-29T05:00:00Z,68,38,38,True,False,,,,,,
01a0420e-a412-7fd6-9a4d-79b05c8c7ab8,Fifa,Virtual_1 vs Virtual_2,La Liga (Virtual eComp),2026-08-29T05:00:00Z,81,30,30,True,False,,,,,,
01a0489c-26bf-745a-b10f-1bb892812309,Fifa,Mers vs alosdvxl,Volta World Cup C,2026-08-29T05:03:00Z,100,34,34,True,False,,,,,,
01a0489c-2e02-7ecb-97c5-867210b227b7,Fifa,Legion vs Rocket,Volta World Cup C,2026-08-29T05:03:00Z,78,32,32,True,False,,,,,,
01a048b5-6814-7a93-8adc-8be5072f53c5,Fifa,Totti vs Hyper,Bundesliga,2026-08-29T05:06:00Z,84,54,54,True,False,,,,,,
01a048b5-59da-7351-95d7-b47f344a35f2,Fifa,Taz vs Tesla,Bundesliga,2026-08-29T05:06:00Z,88,61,61,True,False,,,,,,
01a048bb-1976-79d9-ae11-a528635864cc,Fifa,v1nn vs Uncle,World Cup A,2026-08-29T05:09:00Z,74,42,42,True,False,,,,,,
01a048bb-1e43-78ac-aa3e-e5e82267ac08,Fifa,A1ose vs Upcake22,World Cup A,2026-08-29T05:09:00Z,63,35,35,True,False,,,,,,
01a048c1-c5a3-78f1-abd7-b324ed931cab,Fifa,MeLToSik vs Flewless_phoenix,Europa League,2026-08-29T05:12:00Z,85,50,50,True,False,,,,,,
01a0489c-2719-7b20-a3b7-2fc576947e4b,Fifa,alosdvxl vs Legion,Volta World Cup C,2026-08-29T05:12:00Z,100,53,53,True,False,,,,,,
01a0489c-282b-7dda-b2e6-12bbe810dadb,Fifa,Radahn vs Mers,Volta World Cup C,2026-08-29T05:12:00Z,82,20,20,True,False,,,,,,
01a048c1-cbb5-7666-af26-483990add56a,Fifa,Jekunam vs DaVa,Europa League,2026-08-29T05:12:00Z,6,0,0,True,False,,,,,,
01a048ad-eaf0-76b2-839a-b8046c52673b,Fifa,riko vs flamez,Premier League 2x6,2026-08-29T05:12:00Z,92,50,50,True,False,,,,,,
01a0420e-eed6-7cbb-b609-bee2f73efa29,Fifa,Virtual_12 vs Virtual_13,Asian Champions League (Virtual eComp),2026-08-29T05:12:00Z,57,22,22,True,False,,,,,,
01a048ad-f3df-7d84-bc3e-8eb85efbafd0,Fifa,Frantsuz vs zoyir,Premier League 2x6,2026-08-29T05:12:00Z,96,57,57,True,False,,,,,,
01a0420e-a7e4-717e-95bc-d66864655e74,Fifa,Virtual_3 vs Virtual_4,La Liga (Virtual eComp),2026-08-29T05:12:00Z,90,36,36,True,False,,,,,,
01a048b5-603c-74fe-8d20-65b09156d4d1,Fifa,Tesla vs Pavlinho19,Bundesliga,2026-08-29T05:18:00Z,71,43,43,True,False,,,,,,
01a048b5-5be3-7fac-8e43-3bcfe78d0bf0,Fifa,Hyper vs Taz,Bundesliga,2026-08-29T05:18:00Z,91,64,64,True,False,,,,,,
01a0489c-2782-7f36-bb4d-0d5664649695,Fifa,Legion vs Radahn,Volta World Cup C,2026-08-29T05:21:00Z,87,31,31,True,False,,,,,,
01a048bb-15ef-7b78-abee-c473e802e3c9,Fifa,Upcake22 vs v1nn,World Cup A,2026-08-29T05:21:00Z,83,48,48,True,False,,,,,,
01a0489c-2a71-78c3-b471-64e133d02c9b,Fifa,Rocket vs alosdvxl,Volta World Cup C,2026-08-29T05:21:00Z,80,41,41,True,False,,,,,,
01a048bb-227f-714f-a36f-6aff6f403e5b,Fifa,Uncle vs KraftVK,World Cup A,2026-08-29T05:21:00Z,76,47,47,True,False,,,,,,
01a0420e-f5fb-70b7-aaeb-0e4fdae746f8,Fifa,Virtual_14 vs Virtual_10,Asian Champions League (Virtual eComp),2026-08-29T05:24:00Z,71,38,38,True,False,,,,,,
01a048c1-c5c9-7eeb-83a9-a4a0dbd35a78,Fifa,DaVa vs MeLToSik,Europa League,2026-08-29T05:24:00Z,85,45,45,True,False,,,,,,
01a048c1-d0f4-7142-bc11-34f4b3b0aa09,Fifa,Flewless_phoenix vs Revange,Europa League,2026-08-29T05:24:00Z,80,50,50,True,False,,,,,,
01a0420e-a8dc-7639-8807-225dde001797,Fifa,Virtual_5 vs Virtual_1,La Liga (Virtual eComp),2026-08-29T05:24:00Z,82,36,36,True,False,,,,,,
01a048ad-f876-7ae9-92cf-327f17335a58,Fifa,v1nniePuh vs flamez,Premier League 2x6,2026-08-29T05:30:00Z,91,46,46,True,False,,,,,,
01a048b5-6441-7f71-972b-6fa090f95ad3,Fifa,Totti vs Taz,Bundesliga,2026-08-29T05:30:00Z,102,54,54,True,False,,,,,,
01a0489c-2b24-7042-a2bd-aa5113d4339a,Fifa,Radahn vs alosdvxl,Volta World Cup C,2026-08-29T05:30:00Z,98,12,0,True,False,,,,,,
01a048ad-eeab-70f3-8b4a-613857d58260,Fifa,riko vs zoyir,Premier League 2x6,2026-08-29T05:30:00Z,104,67,67,True,False,,,,,,
01a048b5-63fc-7a8e-bb1b-ae9dc97d7279,Fifa,Hyper vs Pavlinho19,Bundesliga,2026-08-29T05:30:00Z,78,42,42,True,False,,,,,,
01a048bb-1714-73d9-aa65-8ac7b28827c5,Fifa,KraftVK vs Upcake22,World Cup A,2026-08-29T05:33:00Z,72,40,40,True,False,,,,,,
01a048bb-230e-70b5-85bb-298f01fc1695,Fifa,v1nn vs A1ose,World Cup A,2026-08-29T05:33:00Z,86,59,59,True,False,,,,,,
01a048c1-d3a3-77f2-9e63-29c67dd847c2,Fifa,Revange vs DaVa,Europa League,2026-08-29T05:36:00Z,77,40,40,True,False,,,,,,
01a0420e-a5a3-7ba3-b6d2-926af13f264d,Fifa,Virtual_2 vs Virtual_5,La Liga (Virtual eComp),2026-08-29T05:36:00Z,99,35,35,True,False,,,,,,
01a048c1-c627-7fa8-b2e4-a2b1be90e364,Fifa,MeLToSik vs Jekunam,Europa League,2026-08-29T05:36:00Z,6,0,0,True,False,,,,,,
01a0420e-efdf-791c-bee1-a054219cebb2,Fifa,Virtual_15 vs Virtual_11,Asian Champions League (Virtual eComp),2026-08-29T05:36:00Z,55,29,29,True,False,,,,,,
01a0489d-084e-71d8-ba7d-da2471f0ec11,Fifa,Legion vs Mers,Volta FA Cup,2026-08-29T05:40:00Z,88,26,26,True,False,,,,,,
01a0489d-041d-7e12-9f02-28eb44646840,Fifa,Rocket vs Radahn,Volta FA Cup,2026-08-29T05:40:00Z,87,26,26,True,False,,,,,,
01a048b5-64f8-7bfb-9d2c-20c2d62272f3,Fifa,Tesla vs Hyper,Bundesliga,2026-08-29T05:42:00Z,93,53,53,True,False,,,,,,
01a048b5-5dbf-71f1-b716-16762ff97d2b,Fifa,Pavlinho19 vs Totti,Bundesliga,2026-08-29T05:42:00Z,81,37,37,True,False,,,,,,
01a048bb-2151-73ee-a34e-d0e9f0b7d7f2,Fifa,Uncle vs Upcake22,World Cup A,2026-08-29T05:45:00Z,97,42,42,True,False,,,,,,
01a048bb-1754-707a-b521-8ba12ab70aad,Fifa,KraftVK vs A1ose,World Cup A,2026-08-29T05:45:00Z,77,46,46,True,False,,,,,,
01a048c1-c75f-716d-93cc-47c83f0e6354,Fifa,Jekunam vs Revange,Europa League,2026-08-29T05:48:00Z,8,0,0,True,False,,,,,,
01a048c1-d0a4-7560-8c39-5c4bc8b6e30f,Fifa,DaVa vs Flewless_phoenix,Europa League,2026-08-29T05:48:00Z,95,63,63,True,False,,,,,,
01a048ad-f0e7-7f61-8e0e-1aaa31ad6c57,Fifa,zoyir vs v1nniePuh,Premier League 2x6,2026-08-29T05:48:00Z,96,58,58,True,False,,,,,,
01a0420e-aac8-73e8-b652-260639c83878,Fifa,Virtual_4 vs Virtual_1,La Liga (Virtual eComp),2026-08-29T05:48:00Z,83,40,40,True,False,,,,,,
01a0420e-f7db-7ff8-af16-749951188693,Fifa,Virtual_16 vs Virtual_10,Asian Champions League (Virtual eComp),2026-08-29T05:48:00Z,61,22,22,True,False,,,,,,
01a048ad-fa8b-7a20-a56f-10a0c1cace4c,Fifa,Frantsuz vs riko,Premier League 2x6,2026-08-29T05:48:00Z,99,58,58,True,False,,,,,,
01a0489d-1242-7099-909a-3da41c9113c1,Fifa,Radahn vs alosdvxl,Volta FA Cup,2026-08-29T05:49:00Z,95,23,23,True,False,,,,,,
01a0489d-063c-750d-a013-2375879b957a,Fifa,Mers vs Rocket,Volta FA Cup,2026-08-29T05:49:00Z,97,44,44,True,False,,,,,,
01a048b5-5ea8-759b-800b-a38219d8b1c1,Fifa,Totti vs Tesla,Bundesliga,2026-08-29T05:54:00Z,75,44,44,True,False,,,,,,
01a048b5-67bb-7e57-9ce7-5bec3d389a28,Fifa,Taz vs Pavlinho19,Bundesliga,2026-08-29T05:54:00Z,87,44,44,True,False,,,,,,
01a048bb-265b-7160-bee4-ce80c79f2ed2,Fifa,v1nn vs KraftVK,World Cup A,2026-08-29T05:57:00Z,116,91,91,True,False,,,,,,
01a048bb-1751-70e1-b31f-1ef67927a876,Fifa,A1ose vs Uncle,World Cup A,2026-08-29T05:57:00Z,105,56,56,True,False,,,,,,
01a0489d-0471-77a1-98c0-536939fd1449,Fifa,alosdvxl vs Mers,Volta FA Cup,2026-08-29T05:58:00Z,109,41,41,True,False,,,,,,
01a0489d-0983-76b7-a799-780532852f49,Fifa,Rocket vs Legion,Volta FA Cup,2026-08-29T05:58:00Z,82,32,32,True,False,,,,,,
01a048c1-cf8c-758e-9e4d-dc70f5866489,Fifa,Jekunam vs Flewless_phoenix,Europa League,2026-08-29T06:00:00Z,1,0,0,True,False,,,,,,thin_trading(<5 updates)
01a0420e-f461-71fc-ac01-14f601133501,Fifa,Virtual_11 vs Virtual_13,Asian Champions League (Virtual eComp),2026-08-29T06:00:00Z,50,23,23,True,False,,,,,,
01a0420e-abeb-7104-b7bc-2a03629c27b9,Fifa,Virtual_5 vs Virtual_4,La Liga (Virtual eComp),2026-08-29T06:00:00Z,87,35,35,True,False,,,,,,
01a048c1-dc6f-7cab-a484-d811ce7b3535,Fifa,MeLToSik vs Revange,Europa League,2026-08-29T06:00:00Z,72,41,41,True,False,,,,,,
01a048ad-eee8-7fd4-9759-21b50cd28ce1,Fifa,v1nniePuh vs Frantsuz,Premier League 2x6,2026-08-29T06:06:00Z,111,56,56,True,False,,,,,,
01a048ad-fce5-7cc8-b5f6-bead28ebf114,Fifa,flamez vs zoyir,Premier League 2x6,2026-08-29T06:06:00Z,104,67,67,True,False,,,,,,
01a048b5-5f5d-7073-9e1b-a69423b771fc,Fifa,Tesla vs Taz,Bundesliga,2026-08-29T06:06:00Z,95,67,67,True,False,,,,,,
01a048b5-6ade-7a61-866e-4150c37c9687,Fifa,Hyper vs Totti,Bundesliga,2026-08-29T06:06:00Z,77,53,53,True,False,,,,,,
01a0489d-05a0-7bff-9716-dbf85642a3ca,Fifa,Legion vs alosdvxl,Volta FA Cup,2026-08-29T06:07:00Z,116,38,38,True,False,,,,,,
01a0489d-0ccd-7823-b08a-73a5f0413957,Fifa,Mers vs Radahn,Volta FA Cup,2026-08-29T06:07:00Z,106,35,35,True,False,,,,,,
01a048bb-1e0f-7894-ba35-2e507ccdf30a,Fifa,Uncle vs v1nn,World Cup A,2026-08-29T06:09:00Z,65,45,45,True,False,,,,,,
01a048bb-1d4a-7e6c-993d-f32eacf2af38,Fifa,Upcake22 vs A1ose,World Cup A,2026-08-29T06:09:00Z,66,34,34,True,False,,,,,,
01a048c1-ce2e-766f-9537-27cad134cb27,Fifa,Flewless_phoenix vs MeLToSik,Europa League,2026-08-29T06:12:00Z,87,63,63,True,False,,,,,,
01a0420e-b1b8-7ee7-a6b8-9e98f8ffbec3,Fifa,Virtual_3 vs Virtual_1,La Liga (Virtual eComp),2026-08-29T06:12:00Z,86,42,42,True,False,,,,,,
01a048c1-d01c-787f-9afd-80c71d554ad4,Fifa,DaVa vs Jekunam,Europa League,2026-08-29T06:12:00Z,59,30,30,True,False,,,,,,
01a0420e-f143-7db8-83a8-f4deea0b3790,Fifa,Virtual_12 vs Virtual_15,Asian Champions League (Virtual eComp),2026-08-29T06:12:00Z,56,24,24,True,False,,,,,,
01a0489d-0b56-7478-9fb4-68955318a5da,Fifa,alosdvxl vs Rocket,Volta FA Cup,2026-08-29T06:16:00Z,82,35,35,True,False,,,,,,
01a0489d-0691-7cf9-9c25-91256cc81cf4,Fifa,Radahn vs Legion,Volta FA Cup,2026-08-29T06:16:00Z,117,46,46,True,False,,,,,,
01a048b5-69c8-793e-b230-c7d053ad3e94,Fifa,Pavlinho19 vs Tesla,Bundesliga,2026-08-29T06:18:00Z,94,54,54,True,False,,,,,,
01a048b5-65ab-76d7-be88-591b30082c64,Fifa,Taz vs Hyper,Bundesliga,2026-08-29T06:18:00Z,80,50,50,True,False,,,,,,
01a048bb-1786-7de0-865f-b46b2e154fe0,Fifa,v1nn vs Upcake22,World Cup A,2026-08-29T06:21:00Z,75,43,43,True,False,,,,,,
01a048bb-256d-7bae-9683-287af1e55582,Fifa,KraftVK vs Uncle,World Cup A,2026-08-29T06:21:00Z,81,56,56,True,False,,,,,,
01a048c1-cecd-7be3-a02e-65d68fd9b970,Fifa,Revange vs Flewless_phoenix,Europa League,2026-08-29T06:24:00Z,92,64,64,True,False,,,,,,
01a048c1-ca2a-7341-95a0-dc2116805399,Fifa,MeLToSik vs DaVa,Europa League,2026-08-29T06:24:00Z,87,49,49,True,False,,,,,,
01a048ad-f634-7f0c-8576-577644313f66,Fifa,Frantsuz vs flamez,Premier League 2x6,2026-08-29T06:24:00Z,101,60,60,True,False,,,,,,
01a048ad-fa8a-77af-a46c-a4d2e69c0cd1,Fifa,riko vs v1nniePuh,Premier League 2x6,2026-08-29T06:24:00Z,92,57,57,True,False,,,,,,
01a0420e-a6e4-70e7-8075-dd2e390d3e9d,Fifa,Virtual_5 vs Virtual_3,La Liga (Virtual eComp),2026-08-29T06:24:00Z,92,38,38,True,False,,,,,,
01a0420e-f312-7347-a6c8-d85fab62bea4,Fifa,Virtual_13 vs Virtual_14,Asian Champions League (Virtual eComp),2026-08-29T06:24:00Z,53,17,17,True,False,,,,,,
01a0489d-1244-70e5-98a1-f0a4d4f6c718,Fifa,Mers vs Legion,Volta FA Cup,2026-08-29T06:25:00Z,84,14,14,True,False,,,,,,
01a0489d-05e3-76df-a19c-a15e334ac52a,Fifa,Radahn vs Rocket,Volta FA Cup,2026-08-29T06:25:00Z,97,41,41,True,False,,,,,,
01a048bb-2a84-76c8-8c98-e719ca330aab,Fifa,A1ose vs v1nn,World Cup A,2026-08-29T06:33:00Z,93,60,60,True,False,,,,,,
01a048bb-1c2f-75cd-8d2d-59249a3d7116,Fifa,Upcake22 vs KraftVK,World Cup A,2026-08-29T06:33:00Z,82,52,52,True,False,,,,,,
01a0489d-08e0-7e58-b04a-dffe1400a267,Fifa,Rocket vs Mers,Volta FA Cup,2026-08-29T06:34:00Z,74,17,17,True,False,,,,,,
01a0489d-0dfe-77b0-945e-3a2dc74550e3,Fifa,alosdvxl vs Radahn,Volta FA Cup,2026-08-29T06:34:00Z,86,35,35,True,False,,,,,,
01a0420e-acb6-7080-861e-ec36178d216a,Fifa,Virtual_2 vs Virtual_4,La Liga (Virtual eComp),2026-08-29T06:36:00Z,82,35,35,True,False,,,,,,
01a048c1-c478-7962-8b6c-dfaca2d6aee5,Fifa,DaVa vs Revange,Europa League,2026-08-29T06:36:00Z,95,59,59,True,False,,,,,,
01a0420e-f451-73cb-bc87-7980cf634d16,Fifa,Virtual_16 vs Virtual_11,Asian Champions League (Virtual eComp),2026-08-29T06:36:00Z,68,35,35,True,False,,,,,,
01a048c1-cf29-7f3c-b007-09a378715860,Fifa,Jekunam vs MeLToSik,Europa League,2026-08-29T06:36:00Z,70,43,43,True,False,,,,,,
01a048b6-49df-7143-90d7-5c2f6ac9cd32,Fifa,Taz vs Totti,Ligue 1,2026-08-29T06:40:00Z,92,54,54,True,False,,,,,,
01a048b6-3b18-797f-9e9a-6574a07989a4,Fifa,Pavlinho19 vs Hyper,Ligue 1,2026-08-29T06:40:00Z,79,48,48,True,False,,,,,,
01a048ad-ef96-7631-ad1a-3df1bf857e9d,Fifa,zoyir vs Frantsuz,Premier League 2x6,2026-08-29T06:42:00Z,107,72,72,True,False,,,,,,
01a048ad-eb89-738d-96ab-a09850aa889e,Fifa,flamez vs riko,Premier League 2x6,2026-08-29T06:42:00Z,101,67,67,True,False,,,,,,
01a0489d-1250-78dd-b593-c72b34490e89,Fifa,Legion vs Rocket,Volta FA Cup,2026-08-29T06:43:00Z,81,26,26,True,False,,,,,,
01a0489d-0d5d-71b6-9da6-e38fcde7f99b,Fifa,Mers vs alosdvxl,Volta FA Cup,2026-08-29T06:43:00Z,86,35,35,True,False,,,,,,
01a048bb-1305-7ef6-a2da-86748d9508e6,Fifa,A1ose vs KraftVK,World Cup A,2026-08-29T06:45:00Z,79,12,0,True,False,,,,,,
01a048c1-cf3c-75e9-9126-ecaa4f02970f,Fifa,Flewless_phoenix vs DaVa,Europa League,2026-08-29T06:48:00Z,85,54,54,True,False,,,,,,
01a048c1-d7b7-79c2-b9f6-b8fc44fd2567,Fifa,Revange vs Jekunam,Europa League,2026-08-29T06:48:00Z,79,53,53,True,False,,,,,,
01a0420e-f9ac-78d6-82c4-89edb3509015,Fifa,Virtual_11 vs Virtual_12,Asian Champions League (Virtual eComp),2026-08-29T06:48:00Z,72,43,43,True,False,,,,,,
01a0420e-ade6-74f2-b88f-6a380eef4932,Fifa,Virtual_3 vs Virtual_2,La Liga (Virtual eComp),2026-08-29T06:48:00Z,73,24,24,True,False,,,,,,
01a0489d-09bd-77e7-a9c6-abb5cecd4be3,Fifa,alosdvxl vs Legion,Volta FA Cup,2026-08-29T06:52:00Z,91,29,29,True,False,,,,,,
01a048b6-3b3d-7f74-bb43-61cb5334f164,Fifa,Totti vs Pavlinho19,Ligue 1,2026-08-29T06:52:00Z,111,76,76,True,False,,,,,,
01a0489d-0ce0-7bb4-b302-90b0482b5d87,Fifa,Radahn vs Mers,Volta FA Cup,2026-08-29T06:52:00Z,83,26,26,True,False,,,,,,
01a048b6-3f8f-7e17-a6fe-f5513c76c5f5,Fifa,Hyper vs Tesla,Ligue 1,2026-08-29T06:52:00Z,80,44,44,True,False,,,,,,
01a048bf-f009-742a-8d0f-29eab72653da,Fifa,A1ose vs KraftVK,Serie A,2026-08-29T06:55:00Z,93,57,57,True,False,,,,,,
01a048bf-f3f0-7cd7-b34b-ef47ebff3853,Fifa,Upcake22 vs Uncle,Serie A,2026-08-29T06:55:00Z,75,42,42,True,False,,,,,,
01a048c1-c470-72b0-b3e1-f289f51ef8d9,Fifa,Flewless_phoenix vs Jekunam,Europa League,2026-08-29T07:00:00Z,100,59,59,True,False,,,,,,
01a0489d-0a7a-773b-9035-e01e39fc02da,Fifa,Legion vs Radahn,Volta FA Cup,2026-08-29T07:01:00Z,82,23,23,True,False,,,,,,
01a0489d-1271-798c-98c4-7320fbbc705a,Fifa,Rocket vs alosdvxl,Volta FA Cup,2026-08-29T07:01:00Z,78,44,44,True,False,,,,,,
01a048b6-3c7c-78e0-a6a9-7782f977f887,Fifa,Tesla vs Totti,Ligue 1,2026-08-29T07:04:00Z,73,45,45,True,False,,,,,,
01a048b6-425f-7048-b41b-83aba1e34751,Fifa,Pavlinho19 vs Taz,Ligue 1,2026-08-29T07:04:00Z,105,61,61,False,False,,,,,,no_settlement_seen
01a048bf-f6e5-7249-8823-9dd0575409ab,Fifa,KraftVK vs v1nn,Serie A,2026-08-29T07:07:00Z,52,29,29,False,False,,,,,,no_settlement_seen
01a048bf-f606-7198-9246-f822a4e500db,Fifa,Uncle vs A1ose,Serie A,2026-08-29T07:07:00Z,56,26,26,False,False,,,,,,no_settlement_seen
01a048c3-db16-7855-b2e9-7c1beccec89e,Fifa,Flewless_phoenix vs Jekunam,Champions League AFC,2026-08-29T07:10:00Z,30,24,24,False,False,,,,,,no_settlement_seen
01a048c3-e558-736d-afb5-6290ae7e78a6,Fifa,Revange vs MeLToSik,Champions League AFC,2026-08-29T07:10:00Z,27,15,15,False,False,,,,,,no_settlement_seen
01a0420e-fb3f-7616-89ca-b494448f4b90,Fifa,Virtual_10 vs Virtual_11,International (Virtual eComp),2026-08-29T07:10:00Z,33,22,22,False,False,,,,,,no_settlement_seen
01a0420e-b608-74c4-b06a-c3e50c3ae26a,Fifa,Virtual_1 vs Virtual_2,Champions League (Virtual eComp),2026-08-29T07:10:00Z,34,16,16,False,False,,,,,,no_settlement_seen
01a048b6-4e4e-7f6b-a5c9-f8ed35c2f354,Fifa,Totti vs Hyper,Ligue 1,2026-08-29T07:16:00Z,1,0,0,False,False,,,,,,no_settlement_seen;thin_trading(<5 updates)
01a048b6-3b6c-72c6-998f-ebceb067e064,Fifa,Taz vs Tesla,Ligue 1,2026-08-29T07:16:00Z,1,0,0,False,False,,,,,,no_settlement_seen;thin_trading(<5 updates)
01a048bf-eda4-78cf-a4a5-aedd4a6aa3c0,Fifa,v1nn vs Uncle,Serie A,2026-08-29T07:19:00Z,1,0,0,False,False,,,,,,no_settlement_seen;thin_trading(<5 updates)
01a048bf-fc34-7cf4-ab78-c676599c0269,Fifa,A1ose vs Upcake22,Serie A,2026-08-29T07:19:00Z,1,0,0,False,False,,,,,,no_settlement_seen;thin_trading(<5 updates)
01a048ae-b40a-7704-9f12-24907ce930ae,Fifa,flamez vs v1nniePuh,Champions League A 2x6,2026-08-29T07:20:00Z,1,0,0,False,False,,,,,,no_settlement_seen;thin_trading(<5 updates)
01a048ae-abca-7d03-a1c6-8d9bcfa07476,Fifa,zoyir vs riko,Champions League A 2x6,2026-08-29T07:20:00Z,1,0,0,False,False,,,,,,no_settlement_seen;thin_trading(<5 updates)
01a048c3-db66-7a0d-b7a4-7753119dcf4c,Fifa,MeLToSik vs Flewless_phoenix,Champions League AFC,2026-08-29T07:22:00Z,1,0,0,False,False,,,,,,no_settlement_seen;thin_trading(<5 updates)
01a048c3-e88a-7fe4-b627-25f2d9b46ebd,Fifa,Jekunam vs DaVa,Champions League AFC,2026-08-29T07:22:00Z,1,0,0,False,False,,,,,,no_settlement_seen;thin_trading(<5 updates)
01a0420e-f693-7222-b5ce-319b6824c540,Fifa,Virtual_12 vs Virtual_13,International (Virtual eComp),2026-08-29T07:22:00Z,1,0,0,False,False,,,,,,no_settlement_seen;thin_trading(<5 updates)
01a0420e-ab9f-7d7f-a131-9d334fd34122,Fifa,Virtual_3 vs Virtual_4,Champions League (Virtual eComp),2026-08-29T07:22:00Z,5,0,0,False,False,,,,,,no_settlement_seen
01a048b6-3e07-7e3e-973d-ca1249728eab,Fifa,Hyper vs Taz,Ligue 1,2026-08-29T07:28:00Z,1,0,0,False,False,,,,,,no_settlement_seen;thin_trading(<5 updates)
01a048b6-5283-7696-8073-f5591a8b33dd,Fifa,Tesla vs Pavlinho19,Ligue 1,2026-08-29T07:28:00Z,1,0,0,False,False,,,,,,no_settlement_seen;thin_trading(<5 updates)
01a0489e-10f7-71c4-a8c4-3a447e3b39a9,Fifa,Legion vs Mers,Volta World Cup B,2026-08-29T07:30:00Z,1,0,0,False,False,,,,,,no_settlement_seen;thin_trading(<5 updates)
01a048bf-f68e-7532-b717-ec18be699201,Fifa,Uncle vs KraftVK,Serie A,2026-08-29T07:31:00Z,6,0,0,False,False,,,,,,no_settlement_seen
01a048bf-ee48-7c34-bdd6-a6d9a7d21e3c,Fifa,Upcake22 vs v1nn,Serie A,2026-08-29T07:31:00Z,5,0,0,False,False,,,,,,no_settlement_seen
01a048c3-e4d4-7c44-a24e-dd222c3718be,Fifa,Flewless_phoenix vs Revange,Champions League AFC,2026-08-29T07:34:00Z,1,0,0,False,False,,,,,,no_settlement_seen;thin_trading(<5 updates)
01a0420e-abab-7ba2-8739-6c9033c771b4,Fifa,Virtual_5 vs Virtual_1,Champions League (Virtual eComp),2026-08-29T07:34:00Z,5,0,0,False,False,,,,,,no_settlement_seen
01a0420e-fd93-7789-86df-b10b3e59517d,Fifa,Virtual_14 vs Virtual_15,International (Virtual eComp),2026-08-29T07:34:00Z,1,0,0,False,False,,,,,,no_settlement_seen;thin_trading(<5 updates)
01a048c3-dbdb-7eef-a042-6c64f45be6ed,Fifa,DaVa vs MeLToSik,Champions League AFC,2026-08-29T07:34:00Z,1,0,0,False,False,,,,,,no_settlement_seen;thin_trading(<5 updates)
01a048ae-aca7-7642-9ead-fd1eb8252a07,Fifa,v1nniePuh vs zoyir,Champions League A 2x6,2026-08-29T07:38:00Z,1,0,0,False,False,,,,,,no_settlement_seen;thin_trading(<5 updates)
01a048ae-b2f1-7c96-be6d-fce0eb32e30a,Fifa,riko vs Frantsuz,Champions League A 2x6,2026-08-29T07:38:00Z,1,0,0,False,False,,,,,,no_settlement_seen;thin_trading(<5 updates)
01a0489e-1907-7acb-af1c-0fd37fd32ee7,Fifa,Radahn vs alosdvxl,Volta World Cup B,2026-08-29T07:39:00Z,1,0,0,False,False,,,,,,no_settlement_seen;thin_trading(<5 updates)
01a048b6-467d-74fd-8366-9776f1fc5339,Fifa,Totti vs Taz,Ligue 1,2026-08-29T07:40:00Z,1,0,0,False,False,,,,,,no_settlement_seen;thin_trading(<5 updates)
01a048b6-44b4-7ec4-b198-a8fda4aaebb9,Fifa,Hyper vs Pavlinho19,Ligue 1,2026-08-29T07:40:00Z,1,0,0,False,False,,,,,,no_settlement_seen;thin_trading(<5 updates)
01a048bf-f6e4-7e6f-89ac-fe19d1294604,Fifa,v1nn vs A1ose,Serie A,2026-08-29T07:43:00Z,3,0,0,False,False,,,,,,no_settlement_seen;thin_trading(<5 updates)
01a048bf-f5a0-7d82-b3a2-99f9338607f3,Fifa,KraftVK vs Upcake22,Serie A,2026-08-29T07:43:00Z,1,0,0,False,False,,,,,,no_settlement_seen;thin_trading(<5 updates)
01a048c3-e07c-7594-9208-0f2239a830bd,Fifa,Revange vs DaVa,Champions League AFC,2026-08-29T07:46:00Z,1,0,0,False,False,,,,,,no_settlement_seen;thin_trading(<5 updates)
01a0420e-f60f-7dcb-8987-dfdc6db42014,Fifa,Virtual_11 vs Virtual_16,International (Virtual eComp),2026-08-29T07:46:00Z,1,0,0,False,False,,,,,,no_settlement_seen;thin_trading(<5 updates)
01a048c3-eaa1-7a98-be62-370308ef8fff,Fifa,MeLToSik vs Jekunam,Champions League AFC,2026-08-29T07:46:00Z,1,0,0,False,False,,,,,,no_settlement_seen;thin_trading(<5 updates)
01a0420e-ac3f-7b92-8af1-81f83cd15a44,Fifa,Virtual_6 vs Virtual_2,Champions League (Virtual eComp),2026-08-29T07:46:00Z,5,0,0,False,False,,,,,,no_settlement_seen
01a048b6-4041-7a88-8392-fbc34f266e36,Fifa,Pavlinho19 vs Totti,Ligue 1,2026-08-29T07:52:00Z,1,0,0,False,False,,,,,,no_settlement_seen;thin_trading(<5 updates)
01a048bf-f5fa-7127-9389-9fe802b33e31,Fifa,Uncle vs Upcake22,Serie A,2026-08-29T07:55:00Z,1,0,0,False,False,,,,,,no_settlement_seen;thin_trading(<5 updates)
01a048ae-b8ca-713b-859e-9ddbf1bf38a7,Fifa,zoyir vs flamez,Champions League A 2x6,2026-08-29T07:56:00Z,1,0,0,False,False,,,,,,no_settlement_seen;thin_trading(<5 updates)
01a048ae-afd7-7162-89de-eaa035e9c19e,Fifa,Frantsuz vs v1nniePuh,Champions League A 2x6,2026-08-29T07:56:00Z,1,0,0,False,False,,,,,,no_settlement_seen;thin_trading(<5 updates)
01a0420f-025e-7e6a-89fa-9b8d50084745,Fifa,Virtual_15 vs Virtual_12,International (Virtual eComp),2026-08-29T07:58:00Z,1,0,0,False,False,,,,,,no_settlement_seen;thin_trading(<5 updates)
01a048c3-e623-711d-a37a-fae663903eb2,Fifa,DaVa vs Flewless_phoenix,Champions League AFC,2026-08-29T07:58:00Z,1,0,0,False,False,,,,,,no_settlement_seen;thin_trading(<5 updates)
01a0420e-af53-77dc-83a6-74934436ca5e,Fifa,Virtual_3 vs Virtual_5,Champions League (Virtual eComp),2026-08-29T07:58:00Z,5,0,0,False,False,,,,,,no_settlement_seen
01a048c3-e2dc-729f-bc21-f9a1683f4b88,Fifa,Jekunam vs Revange,Champions League AFC,2026-08-29T07:58:00Z,1,0,0,False,False,,,,,,no_settlement_seen;thin_trading(<5 updates)
01a0420e-b0e7-7ef3-8a66-9d01fd04070a,Fifa,Virtual_4 vs Virtual_1,Champions League (Virtual eComp),2026-08-29T08:10:00Z,5,0,0,False,False,,,,,,no_settlement_seen
01a0420e-fd42-783c-a2d2-0cd2aec420d1,Fifa,Virtual_10 vs Virtual_11,CONMEBOL Libertadores (Virtual eComp),2026-08-29T08:10:00Z,1,0,0,False,False,,,,,,no_settlement_seen;thin_trading(<5 updates)
01a048ae-b5ba-7a39-a666-ee01802a28ac,Fifa,v1nniePuh vs riko,Champions League A 2x6,2026-08-29T08:14:00Z,1,0,0,False,False,,,,,,no_settlement_seen;thin_trading(<5 updates)
01a048ae-b568-7868-a0b4-8132cf301b13,Fifa,flamez vs Frantsuz,Champions League A 2x6,2026-08-29T08:14:00Z,2,0,0,False,False,,,,,,no_settlement_seen;thin_trading(<5 updates)
01a0420e-b5fe-74a0-a601-aa73aa0b8beb,Fifa,Virtual_6 vs Virtual_3,Champions League (Virtual eComp),2026-08-29T08:22:00Z,5,0,0,False,False,,,,,,no_settlement_seen
01a0420f-0c82-75c7-b6e0-20f209e3be88,Fifa,Virtual_12 vs Virtual_13,CONMEBOL Libertadores (Virtual eComp),2026-08-29T08:22:00Z,1,0,0,False,False,,,,,,no_settlement_seen;thin_trading(<5 updates)
01a048ae-afa4-77c4-8ede-653dd17ad49c,Fifa,riko vs flamez,Champions League A 2x6,2026-08-29T08:32:00Z,1,0,0,False,False,,,,,,no_settlement_seen;thin_trading(<5 updates)
01a0420e-bad4-71aa-8d2f-fb0978986520,Fifa,Virtual_2 vs Virtual_7,Champions League (Virtual eComp),2026-08-29T08:34:00Z,5,0,0,False,False,,,,,,no_settlement_seen
01a0420e-fa08-70e6-b829-d3d29a46be15,Fifa,Virtual_14 vs Virtual_15,CONMEBOL Libertadores (Virtual eComp),2026-08-29T08:34:00Z,1,0,0,False,False,,,,,,no_settlement_seen;thin_trading(<5 updates)
01a0420f-058b-7f4e-9170-70f818d1d083,Fifa,Virtual_13 vs Virtual_16,CONMEBOL Libertadores (Virtual eComp),2026-08-29T08:46:00Z,1,0,0,False,False,,,,,,no_settlement_seen;thin_trading(<5 updates)
01a0420e-b448-79a7-abc5-20c8ce17dfc9,Fifa,Virtual_4 vs Virtual_6,Champions League (Virtual eComp),2026-08-29T08:46:00Z,5,0,0,False,False,,,,,,no_settlement_seen
01a0420f-0de4-70c3-b7cb-05e13b1d096c,Fifa,Virtual_17 vs Virtual_12,CONMEBOL Libertadores (Virtual eComp),2026-08-29T08:58:00Z,1,0,0,False,False,,,,,,no_settlement_seen;thin_trading(<5 updates)
01a0420e-b4c6-780f-a4ac-537d5234ebd9,Fifa,Virtual_7 vs Virtual_3,Champions League (Virtual eComp),2026-08-29T08:58:00Z,5,0,0,False,False,,,,,,no_settlement_seen
01a0420e-b59b-7630-bb6a-414dc52a3f67,Fifa,Virtual_1 vs Virtual_2,Premier League (Virtual eComp),2026-08-29T09:30:00Z,5,0,0,False,False,,,,,,no_settlement_seen
01a0420f-1571-7d5e-925a-5b5c8c9ca094,Fifa,Virtual_15 vs Virtual_16,CONMEBOL Libertadores (Virtual eComp),2026-08-29T09:30:00Z,1,0,0,False,False,,,,,,no_settlement_seen;thin_trading(<5 updates)
01a0420f-04a0-7983-82c6-a45ce9324066,Fifa,Virtual_10 vs Virtual_14,CONMEBOL Libertadores (Virtual eComp),2026-08-29T09:42:00Z,1,0,0,False,False,,,,,,no_settlement_seen;thin_trading(<5 updates)
01a0420e-b4f4-7758-90dd-871c3678bee9,Fifa,Virtual_3 vs Virtual_4,Premier League (Virtual eComp),2026-08-29T09:42:00Z,5,0,0,False,False,,,,,,no_settlement_seen
01a0420e-bba9-7ea9-b27d-4af08e178ca3,Fifa,Virtual_2 vs Virtual_5,Premier League (Virtual eComp),2026-08-29T09:54:00Z,5,0,0,False,False,,,,,,no_settlement_seen
01a0420e-ff16-7258-899e-3597b1782f4e,Fifa,Virtual_11 vs Virtual_13,CONMEBOL Libertadores (Virtual eComp),2026-08-29T09:54:00Z,1,0,0,False,False,,,,,,no_settlement_seen;thin_trading(<5 updates)
01a0420f-017c-7eb2-b2ed-be0844ad5541,Fifa,Virtual_14 vs Virtual_12,CONMEBOL Libertadores (Virtual eComp),2026-08-29T10:06:00Z,1,0,0,False,False,,,,,,no_settlement_seen;thin_trading(<5 updates)
01a0420e-c33d-7d41-97a4-e7e3a1917597,Fifa,Virtual_1 vs Virtual_6,Premier League (Virtual eComp),2026-08-29T10:06:00Z,5,0,0,False,False,,,,,,no_settlement_seen
01a0420e-ff6c-7c08-a17a-bd0de2d8123c,Fifa,Virtual_12 vs Virtual_10,CONMEBOL Libertadores (Virtual eComp),2026-08-29T10:18:00Z,1,0,0,False,False,,,,,,no_settlement_seen;thin_trading(<5 updates)
01a0420e-b3da-73aa-a561-2c8a926aec5a,Fifa,Virtual_2 vs Virtual_3,Premier League (Virtual eComp),2026-08-29T10:18:00Z,5,0,0,False,False,,,,,,no_settlement_seen
01a0420e-bd0c-77e7-871c-48250e94051a,Fifa,Virtual_3 vs Virtual_1,Premier League (Virtual eComp),2026-08-29T10:30:00Z,5,0,0,False,False,,,,,,no_settlement_seen
01a0420f-0829-79b2-ba66-48052cb39966,Fifa,Virtual_10 vs Virtual_13,CONMEBOL Libertadores (Virtual eComp),2026-08-29T10:30:00Z,1,0,0,False,False,,,,,,no_settlement_seen;thin_trading(<5 updates)
01a0420f-1f7f-707e-ad18-9a4769e19b86,Fifa,Virtual_12 vs Virtual_16,CONMEBOL Libertadores (Virtual eComp),2026-08-29T10:42:00Z,1,0,0,False,False,,,,,,no_settlement_seen;thin_trading(<5 updates)
01a0420e-b3fb-79e0-8f78-3f8643e9d50e,Fifa,Virtual_5 vs Virtual_4,Premier League (Virtual eComp),2026-08-29T10:42:00Z,5,0,0,False,False,,,,,,no_settlement_seen
01a0420e-bd3a-7b9c-b74d-b030d3a3d57c,Fifa,Virtual_6 vs Virtual_3,Premier League (Virtual eComp),2026-08-29T10:54:00Z,5,0,0,False,False,,,,,,no_settlement_seen
01a0420f-04c4-7a1b-8bd5-b00d18cd9331,Fifa,Virtual_13 vs Virtual_14,CONMEBOL Libertadores (Virtual eComp),2026-08-29T10:54:00Z,1,0,0,False,False,,,,,,no_settlement_seen;thin_trading(<5 updates)
01a0420e-bb3e-7bb7-a64b-71eb69dede9e,Fifa,Virtual_4 vs Virtual_2,Premier League (Virtual eComp),2026-08-29T11:06:00Z,5,0,0,False,False,,,,,,no_settlement_seen
01a0420f-0d5f-717a-bf8c-c3d9da27e41e,Fifa,Virtual_16 vs Virtual_11,CONMEBOL Libertadores (Virtual eComp),2026-08-29T11:06:00Z,1,0,0,False,False,,,,,,no_settlement_seen;thin_trading(<5 updates)
01a0420e-c347-72b9-a0ae-7903c6ce617a,Fifa,Virtual_5 vs Virtual_6,Premier League (Virtual eComp),2026-08-29T11:18:00Z,5,0,0,False,False,,,,,,no_settlement_seen
01a0420f-05c9-7e48-85b0-e896852e8920,Fifa,Virtual_17 vs Virtual_10,CONMEBOL Libertadores (Virtual eComp),2026-08-29T11:18:00Z,1,0,0,False,False,,,,,,no_settlement_seen;thin_trading(<5 updates)
01a0420f-0749-7d74-8830-1dfb725dea1d,Fifa,Virtual_10 vs Virtual_11,Bundesliga (Virtual eComp),2026-08-29T11:40:00Z,1,0,0,False,False,,,,,,no_settlement_seen;thin_trading(<5 updates)
01a0420e-c3c4-73ec-95bb-30685569b680,Fifa,Virtual_1 vs Virtual_2,Seria A (Virtual eComp),2026-08-29T11:40:00Z,5,0,0,False,False,,,,,,no_settlement_seen
01a0420e-cf47-7b5b-abf0-beabab3f6ed7,Fifa,Virtual_3 vs Virtual_1,Seria A (Virtual eComp),2026-08-29T11:52:00Z,5,0,0,False,False,,,,,,no_settlement_seen
01a0420f-112c-7df8-bf3e-9572ed277304,Fifa,Virtual_12 vs Virtual_13,Bundesliga (Virtual eComp),2026-08-29T11:52:00Z,1,0,0,False,False,,,,,,no_settlement_seen;thin_trading(<5 updates)
01a0420e-bc17-7f11-a679-4d2648d59128,Fifa,Virtual_2 vs Virtual_3,Seria A (Virtual eComp),2026-08-29T12:04:00Z,5,0,0,False,False,,,,,,no_settlement_seen
01a0420f-09ac-73ae-ba1a-5c60ddb6af0f,Fifa,Virtual_13 vs Virtual_10,Bundesliga (Virtual eComp),2026-08-29T12:04:00Z,1,0,0,False,False,,,,,,no_settlement_seen;thin_trading(<5 updates)
01a0420e-c808-7bbe-8191-cc32d8e1fa94,Fifa,Virtual_1 vs Virtual_4,Seria A (Virtual eComp),2026-08-29T12:16:00Z,5,0,0,False,False,,,,,,no_settlement_seen
01a0420f-1490-7d3a-bc5a-123010b294fb,Fifa,Virtual_11 vs Virtual_12,Bundesliga (Virtual eComp),2026-08-29T12:16:00Z,1,0,0,False,False,,,,,,no_settlement_seen;thin_trading(<5 updates)
01a0420e-bc3b-72b8-8c1c-c4211840bd2a,Fifa,Virtual_5 vs Virtual_1,Seria A (Virtual eComp),2026-08-29T12:28:00Z,5,0,0,False,False,,,,,,no_settlement_seen
01a0420f-1434-732f-baf6-08cc2912300e,Fifa,Virtual_10 vs Virtual_12,Bundesliga (Virtual eComp),2026-08-29T12:28:00Z,1,0,0,False,False,,,,,,no_settlement_seen;thin_trading(<5 updates)
01a0420f-0803-7f4d-b77c-5fbcd7ea7e71,Fifa,Virtual_10 vs Virtual_11,Asian Champions League (Virtual eComp),2026-08-29T12:40:00Z,1,0,0,False,False,,,,,,no_settlement_seen;thin_trading(<5 updates)
01a048a1-f01b-7d49-8fc2-dea758531cd3,Fifa,Senya vs bucho55,Volta Champions League A,2026-08-29T12:40:00Z,1,0,0,False,False,,,,,,no_settlement_seen;thin_trading(<5 updates)
01a048a1-e1c7-77eb-bfe5-e89b104a9384,Fifa,Stasyan vs Mapiston,Volta Champions League A,2026-08-29T12:40:00Z,1,0,0,False,False,,,,,,no_settlement_seen;thin_trading(<5 updates)
01a0420e-cb05-716b-8add-4024a8d8dfd2,Fifa,Virtual_1 vs Virtual_2,La Liga (Virtual eComp),2026-08-29T12:40:00Z,5,0,0,False,False,,,,,,no_settlement_seen
01a048a1-e1f9-7905-9b8f-4895da757366,Fifa,bucho55 vs Stasyan,Volta Champions League A,2026-08-29T12:49:00Z,1,0,0,False,False,,,,,,no_settlement_seen;thin_trading(<5 updates)
01a048a1-eac1-787c-b254-b9975fe5d421,Fifa,Mapiston vs Profik,Volta Champions League A,2026-08-29T12:49:00Z,1,0,0,False,False,,,,,,no_settlement_seen;thin_trading(<5 updates)
01a0420f-1d19-75b4-933e-840a36984884,Fifa,Virtual_12 vs Virtual_13,Asian Champions League (Virtual eComp),2026-08-29T12:52:00Z,1,0,0,False,False,,,,,,no_settlement_seen;thin_trading(<5 updates)
01a0420e-c386-7783-9b82-35dba8d5f99b,Fifa,Virtual_3 vs Virtual_4,La Liga (Virtual eComp),2026-08-29T12:52:00Z,5,0,0,False,False,,,,,,no_settlement_seen
01a048a1-e290-71b9-9ac6-80457433bb6a,Fifa,Profik vs bucho55,Volta Champions League A,2026-08-29T12:58:00Z,1,0,0,False,False,,,,,,no_settlement_seen;thin_trading(<5 updates)
01a048a1-f49c-7de8-83ba-09e8a05eaca3,Fifa,Stasyan vs Senya,Volta Champions League A,2026-08-29T12:58:00Z,1,0,0,False,False,,,,,,no_settlement_seen;thin_trading(<5 updates)
01a0420e-c470-7d45-9e9a-66fd84daad78,Fifa,Virtual_5 vs Virtual_1,La Liga (Virtual eComp),2026-08-29T13:04:00Z,5,0,0,False,False,,,,,,no_settlement_seen
01a0420f-0775-7172-88ab-2281c4ca384a,Fifa,Virtual_14 vs Virtual_10,Asian Champions League (Virtual eComp),2026-08-29T13:04:00Z,1,0,0,False,False,,,,,,no_settlement_seen;thin_trading(<5 updates)
01a048a1-ea9d-74ce-b0d4-9d1fd428996d,Fifa,bucho55 vs Mapiston,Volta Champions League A,2026-08-29T13:07:00Z,1,0,0,False,False,,,,,,no_settlement_seen;thin_trading(<5 updates)
01a048a1-e34c-7786-8f03-5df096555f60,Fifa,Senya vs Profik,Volta Champions League A,2026-08-29T13:07:00Z,1,0,0,False,False,,,,,,no_settlement_seen;thin_trading(<5 updates)
01a048a1-e33c-7c3c-9128-0f306d86867f,Fifa,Mapiston vs Senya,Volta Champions League A,2026-08-29T13:16:00Z,1,0,0,False,False,,,,,,no_settlement_seen;thin_trading(<5 updates)
01a048a1-e931-7a50-865e-15c2117ca3ff,Fifa,Profik vs Stasyan,Volta Champions League A,2026-08-29T13:16:00Z,1,0,0,False,False,,,,,,no_settlement_seen;thin_trading(<5 updates)
01a0420f-2b41-7292-a037-e31a32d50cb4,Fifa,Virtual_15 vs Virtual_11,Asian Champions League (Virtual eComp),2026-08-29T13:16:00Z,1,0,0,False,False,,,,,,no_settlement_seen;thin_trading(<5 updates)
01a0420e-c746-7ae3-98f8-e0ee0b0726c3,Fifa,Virtual_2 vs Virtual_5,La Liga (Virtual eComp),2026-08-29T13:16:00Z,5,0,0,False,False,,,,,,no_settlement_seen
01a048a1-ea43-7eb6-b8ea-16899222293b,Fifa,Mapiston vs Stasyan,Volta Champions League A,2026-08-29T13:25:00Z,1,0,0,False,False,,,,,,no_settlement_seen;thin_trading(<5 updates)
01a048a1-ebae-7017-83f8-8412f8d69b0d,Fifa,bucho55 vs Senya,Volta Champions League A,2026-08-29T13:25:00Z,1,0,0,False,False,,,,,,no_settlement_seen;thin_trading(<5 updates)
01a0420e-bc3a-7914-b3c2-598729664d71,Fifa,Virtual_4 vs Virtual_1,La Liga (Virtual eComp),2026-08-29T13:28:00Z,5,0,0,False,False,,,,,,no_settlement_seen
01a0420f-0a90-785b-afb1-52b32ea5bb9e,Fifa,Virtual_16 vs Virtual_10,Asian Champions League (Virtual eComp),2026-08-29T13:28:00Z,1,0,0,False,False,,,,,,no_settlement_seen;thin_trading(<5 updates)
01a048a1-e978-7413-970c-97ad6745bfcf,Fifa,Stasyan vs bucho55,Volta Champions League A,2026-08-29T13:34:00Z,1,0,0,False,False,,,,,,no_settlement_seen;thin_trading(<5 updates)
01a048a1-ec1e-7fad-87b0-ffda56e442b3,Fifa,Profik vs Mapiston,Volta Champions League A,2026-08-29T13:34:00Z,1,0,0,False,False,,,,,,no_settlement_seen;thin_trading(<5 updates)
01a0420e-bd2c-7b62-a0a9-e14ca59d2076,Fifa,Virtual_5 vs Virtual_4,La Liga (Virtual eComp),2026-08-29T13:40:00Z,1,0,0,False,False,,,,,,no_settlement_seen;thin_trading(<5 updates)
01a0420f-11c4-7aa9-97fd-e93aaffbffd4,Fifa,Virtual_11 vs Virtual_13,Asian Champions League (Virtual eComp),2026-08-29T13:40:00Z,1,0,0,False,False,,,,,,no_settlement_seen;thin_trading(<5 updates)
01a048a1-f3c4-721a-8b1d-5403ad57895f,Fifa,Senya vs Stasyan,Volta Champions League A,2026-08-29T13:43:00Z,1,0,0,False,False,,,,,,no_settlement_seen;thin_trading(<5 updates)
01a048a1-e4c1-7012-9773-3f4d928df4a2,Fifa,bucho55 vs Profik,Volta Champions League A,2026-08-29T13:43:00Z,1,0,0,False,False,,,,,,no_settlement_seen;thin_trading(<5 updates)
01a0420f-0f72-7aca-9946-3c5539d81e17,Fifa,Virtual_12 vs Virtual_15,Asian Champions League (Virtual eComp),2026-08-29T13:52:00Z,1,0,0,False,False,,,,,,no_settlement_seen;thin_trading(<5 updates)
01a048a1-ecfb-7748-98bf-2719b45ce009,Fifa,Mapiston vs bucho55,Volta Champions League A,2026-08-29T13:52:00Z,1,0,0,False,False,,,,,,no_settlement_seen;thin_trading(<5 updates)
01a0420e-cbd7-7bc0-a7e0-642ca78248ea,Fifa,Virtual_3 vs Virtual_1,La Liga (Virtual eComp),2026-08-29T13:52:00Z,1,0,0,False,False,,,,,,no_settlement_seen;thin_trading(<5 updates)
01a048a1-e8f1-7d19-94ec-8c85d1e907ad,Fifa,Profik vs Senya,Volta Champions League A,2026-08-29T13:52:00Z,1,0,0,False,False,,,,,,no_settlement_seen;thin_trading(<5 updates)
01a048a1-f075-73f9-97b9-2de0f7ca9ea3,Fifa,Senya vs Mapiston,Volta Champions League A,2026-08-29T14:01:00Z,1,0,0,False,False,,,,,,no_settlement_seen;thin_trading(<5 updates)
01a048a1-f15f-7d43-be99-d459396d4c01,Fifa,Stasyan vs Profik,Volta Champions League A,2026-08-29T14:01:00Z,1,0,0,False,False,,,,,,no_settlement_seen;thin_trading(<5 updates)
01a0420f-1eae-7fdf-b8da-70f0aaac07b9,Fifa,Virtual_13 vs Virtual_14,Asian Champions League (Virtual eComp),2026-08-29T14:04:00Z,1,0,0,False,False,,,,,,no_settlement_seen;thin_trading(<5 updates)
01a0420e-d6cc-775b-ab7a-978b0825a33e,Fifa,Virtual_5 vs Virtual_3,La Liga (Virtual eComp),2026-08-29T14:04:00Z,1,0,0,False,False,,,,,,no_settlement_seen;thin_trading(<5 updates)
01a0420f-104c-7b86-9ab7-856fa088fc40,Fifa,Virtual_16 vs Virtual_11,Asian Champions League (Virtual eComp),2026-08-29T14:16:00Z,1,0,0,False,False,,,,,,no_settlement_seen;thin_trading(<5 updates)
01a0420e-d156-7146-8a8b-e9fe49c6e35c,Fifa,Virtual_2 vs Virtual_4,La Liga (Virtual eComp),2026-08-29T14:16:00Z,1,0,0,False,False,,,,,,no_settlement_seen;thin_trading(<5 updates)
01a0420f-1683-7d19-97c8-5ac5bd84d891,Fifa,Virtual_11 vs Virtual_12,Asian Champions League (Virtual eComp),2026-08-29T14:28:00Z,1,0,0,False,False,,,,,,no_settlement_seen;thin_trading(<5 updates)
01a0420e-c50b-7936-95ae-5b81e7342cda,Fifa,Virtual_3 vs Virtual_2,La Liga (Virtual eComp),2026-08-29T14:28:00Z,1,0,0,False,False,,,,,,no_settlement_seen;thin_trading(<5 updates)
01a0420f-253a-79d7-a5ae-8cc1422a6611,Fifa,Virtual_10 vs Virtual_11,International (Virtual eComp),2026-08-29T14:40:00Z,1,0,0,False,False,,,,,,no_settlement_seen;thin_trading(<5 updates)
01a0420e-cf0e-7402-bcf7-79111ffce53c,Fifa,Virtual_1 vs Virtual_2,Champions League (Virtual eComp),2026-08-29T14:40:00Z,1,0,0,False,False,,,,,,no_settlement_seen;thin_trading(<5 updates)
01a0420f-27cd-7a61-9f56-79dd86c85c68,Fifa,Virtual_12 vs Virtual_13,International (Virtual eComp),2026-08-29T14:52:00Z,1,0,0,False,False,,,,,,no_settlement_seen;thin_trading(<5 updates)
01a0420e-da8a-7194-b5cf-57950e3eaa52,Fifa,Virtual_3 vs Virtual_4,Champions League (Virtual eComp),2026-08-29T14:52:00Z,1,0,0,False,False,,,,,,no_settlement_seen;thin_trading(<5 updates)
01a0420e-d3bf-7d5f-8bee-bf18028477fb,Fifa,Virtual_5 vs Virtual_1,Champions League (Virtual eComp),2026-08-29T15:04:00Z,1,0,0,False,False,,,,,,no_settlement_seen;thin_trading(<5 updates)
01a0420f-11e2-70f2-82af-6c6a78fb65db,Fifa,Virtual_14 vs Virtual_15,International (Virtual eComp),2026-08-29T15:04:00Z,1,0,0,False,False,,,,,,no_settlement_seen;thin_trading(<5 updates)
01a0420f-11c4-7238-9afc-720e1d55d7e7,Fifa,Virtual_11 vs Virtual_16,International (Virtual eComp),2026-08-29T15:16:00Z,1,0,0,False,False,,,,,,no_settlement_seen;thin_trading(<5 updates)
01a0420e-c5e2-7840-8367-50225dcb17dc,Fifa,Virtual_6 vs Virtual_2,Champions League (Virtual eComp),2026-08-29T15:16:00Z,1,0,0,False,False,,,,,,no_settlement_seen;thin_trading(<5 updates)
01a0420e-c45d-7235-80b1-3d032be87169,Fifa,Virtual_3 vs Virtual_5,Champions League (Virtual eComp),2026-08-29T15:28:00Z,1,0,0,False,False,,,,,,no_settlement_seen;thin_trading(<5 updates)
01a0420f-1a8a-7c02-8a46-0e4910f639f1,Fifa,Virtual_15 vs Virtual_12,International (Virtual eComp),2026-08-29T15:28:00Z,1,0,0,False,False,,,,,,no_settlement_seen;thin_trading(<5 updates)
01a0420f-1a00-7f23-b0e1-9cebd9dd3845,Fifa,Virtual_10 vs Virtual_11,CONMEBOL Libertadores (Virtual eComp),2026-08-29T15:50:00Z,1,0,0,False,False,,,,,,no_settlement_seen;thin_trading(<5 updates)
01a0420f-1eb5-701b-bd27-852c320c7d93,Fifa,Virtual_12 vs Virtual_13,CONMEBOL Libertadores (Virtual eComp),2026-08-29T16:02:00Z,1,0,0,False,False,,,,,,no_settlement_seen;thin_trading(<5 updates)
01a0420f-1909-74ef-b25a-53b20bc967bd,Fifa,Virtual_14 vs Virtual_15,CONMEBOL Libertadores (Virtual eComp),2026-08-29T16:14:00Z,1,0,0,False,False,,,,,,no_settlement_seen;thin_trading(<5 updates)
01a0420f-2694-70b1-b320-0834e3dc548c,Fifa,Virtual_13 vs Virtual_16,CONMEBOL Libertadores (Virtual eComp),2026-08-29T16:26:00Z,1,0,0,False,False,,,,,,no_settlement_seen;thin_trading(<5 updates)
01a0420e-d45c-7eff-95b3-f8bf8cd6aec2,Fifa,Virtual_7 vs Virtual_3,Champions League (Virtual eComp),2026-08-29T16:38:00Z,1,0,0,False,False,,,,,,no_settlement_seen;thin_trading(<5 updates)
01a0420f-30a3-7ed3-9fc3-48614d0911f7,Fifa,Virtual_17 vs Virtual_12,CONMEBOL Libertadores (Virtual eComp),2026-08-29T16:38:00Z,1,0,0,False,False,,,,,,no_settlement_seen;thin_trading(<5 updates)
01a0420e-e29d-70d5-84fc-d486fc9f01bb,Fifa,Virtual_1 vs Virtual_2,Premier League (Virtual eComp),2026-08-29T16:50:00Z,1,0,0,False,False,,,,,,no_settlement_seen;thin_trading(<5 updates)
01a0420f-260e-7743-b3df-937072163354,Fifa,Virtual_15 vs Virtual_16,CONMEBOL Libertadores (Virtual eComp),2026-08-29T16:50:00Z,1,0,0,False,False,,,,,,no_settlement_seen;thin_trading(<5 updates)
01a0420e-cef9-71be-b4c2-2d2daf075aef,Fifa,Virtual_3 vs Virtual_4,Premier League (Virtual eComp),2026-08-29T17:02:00Z,1,0,0,False,False,,,,,,no_settlement_seen;thin_trading(<5 updates)
01a0420f-2e01-7db6-813e-e5d81f1ff567,Fifa,Virtual_10 vs Virtual_14,CONMEBOL Libertadores (Virtual eComp),2026-08-29T17:02:00Z,1,0,0,False,False,,,,,,no_settlement_seen;thin_trading(<5 updates)
01a0420e-e4d8-7ca1-9b81-5e8b682b2b2a,Fifa,Virtual_2 vs Virtual_5,Premier League (Virtual eComp),2026-08-29T17:14:00Z,1,0,0,False,False,,,,,,no_settlement_seen;thin_trading(<5 updates)
01a0420f-1953-75eb-ac89-4062225e1676,Fifa,Virtual_11 vs Virtual_13,CONMEBOL Libertadores (Virtual eComp),2026-08-29T17:14:00Z,1,0,0,False,False,,,,,,no_settlement_seen;thin_trading(<5 updates)
01a0420f-28d6-76fc-8fef-766854f8ce9b,Fifa,Virtual_14 vs Virtual_12,CONMEBOL Libertadores (Virtual eComp),2026-08-29T17:26:00Z,1,0,0,False,False,,,,,,no_settlement_seen;thin_trading(<5 updates)
01a0420e-d6e8-73eb-b5f1-c1fd0fb684c6,Fifa,Virtual_1 vs Virtual_6,Premier League (Virtual eComp),2026-08-29T17:26:00Z,1,0,0,False,False,,,,,,no_settlement_seen;thin_trading(<5 updates)
01a0420f-1a8f-76f9-99e3-185960bf3982,Fifa,Virtual_12 vs Virtual_10,CONMEBOL Libertadores (Virtual eComp),2026-08-29T17:38:00Z,1,0,0,False,False,,,,,,no_settlement_seen;thin_trading(<5 updates)
01a0420e-d301-79ee-872c-9449fea05f76,Fifa,Virtual_2 vs Virtual_3,Premier League (Virtual eComp),2026-08-29T17:38:00Z,1,0,0,False,False,,,,,,no_settlement_seen;thin_trading(<5 updates)
01a0420e-d9b9-7771-912d-02a589b40b9a,Fifa,Virtual_3 vs Virtual_1,Premier League (Virtual eComp),2026-08-29T18:10:00Z,1,0,0,False,False,,,,,,no_settlement_seen;thin_trading(<5 updates)
01a0420f-24b4-7eef-b531-1ddc0d07ae2f,Fifa,Virtual_10 vs Virtual_13,CONMEBOL Libertadores (Virtual eComp),2026-08-29T18:10:00Z,1,0,0,False,False,,,,,,no_settlement_seen;thin_trading(<5 updates)
01a0420f-1b36-7683-acad-57d1667e1539,Fifa,Virtual_12 vs Virtual_16,CONMEBOL Libertadores (Virtual eComp),2026-08-29T18:22:00Z,1,0,0,False,False,,,,,,no_settlement_seen;thin_trading(<5 updates)
01a0420e-e01d-7fa8-b9be-8c24fbe0b4f4,Fifa,Virtual_5 vs Virtual_4,Premier League (Virtual eComp),2026-08-29T18:22:00Z,1,0,0,False,False,,,,,,no_settlement_seen;thin_trading(<5 updates)
01a0420f-2e78-76f3-b078-22710a94df89,Fifa,Virtual_13 vs Virtual_14,CONMEBOL Libertadores (Virtual eComp),2026-08-29T18:34:00Z,1,0,0,False,False,,,,,,no_settlement_seen;thin_trading(<5 updates)
01a0420e-d309-7fd9-847e-ecb76680fdad,Fifa,Virtual_6 vs Virtual_3,Premier League (Virtual eComp),2026-08-29T18:34:00Z,1,0,0,False,False,,,,,,no_settlement_seen;thin_trading(<5 updates)
01a0420f-249a-72de-a0af-ff6cd392d27d,Fifa,Virtual_16 vs Virtual_11,CONMEBOL Libertadores (Virtual eComp),2026-08-29T18:46:00Z,1,0,0,False,False,,,,,,no_settlement_seen;thin_trading(<5 updates)
01a0420e-df7b-7dfa-8370-99e4ef194b20,Fifa,Virtual_4 vs Virtual_2,Premier League (Virtual eComp),2026-08-29T18:46:00Z,1,0,0,False,False,,,,,,no_settlement_seen;thin_trading(<5 updates)
01a0420e-d628-7da6-a4e7-dbb2de2ffd46,Fifa,Virtual_5 vs Virtual_6,Premier League (Virtual eComp),2026-08-29T18:58:00Z,1,0,0,False,False,,,,,,no_settlement_seen;thin_trading(<5 updates)
01a0420f-2d77-7ef2-90d3-8fe775c50636,Fifa,Virtual_17 vs Virtual_10,CONMEBOL Libertadores (Virtual eComp),2026-08-29T18:58:00Z,1,0,0,False,False,,,,,,no_settlement_seen;thin_trading(<5 updates)
01a0420f-2ce0-7b23-abe0-4799dfa0319c,Fifa,Virtual_10 vs Virtual_11,Bundesliga (Virtual eComp),2026-08-29T19:10:00Z,1,0,0,False,False,,,,,,no_settlement_seen;thin_trading(<5 updates)
01a0420e-d93e-7fd1-b300-ecd9e64493a0,Fifa,Virtual_1 vs Virtual_2,Seria A (Virtual eComp),2026-08-29T19:10:00Z,1,0,0,False,False,,,,,,no_settlement_seen;thin_trading(<5 updates)
01a0420e-dd9e-7502-bc84-fba9b875320b,Fifa,Virtual_3 vs Virtual_1,Seria A (Virtual eComp),2026-08-29T19:22:00Z,1,0,0,False,False,,,,,,no_settlement_seen;thin_trading(<5 updates)
01a0420f-20d6-7927-8749-b133fc8599ef,Fifa,Virtual_12 vs Virtual_13,Bundesliga (Virtual eComp),2026-08-29T19:22:00Z,1,0,0,False,False,,,,,,no_settlement_seen;thin_trading(<5 updates)
01a048a5-e474-7127-9d63-1cde2d8c472a,Fifa,fantazer vs Dreamer,Volta Champions League A,2026-08-29T19:30:00Z,1,0,0,False,False,,,,,,no_settlement_seen;thin_trading(<5 updates)
01a048a5-edf1-7f7b-bab4-53a813e8c1a0,Fifa,Bob vs Groma,Volta Champions League A,2026-08-29T19:30:00Z,1,0,0,False,False,,,,,,no_settlement_seen;thin_trading(<5 updates)
01a0420f-23c9-77db-a130-a17567b9076d,Fifa,Virtual_13 vs Virtual_10,Bundesliga (Virtual eComp),2026-08-29T19:34:00Z,1,0,0,False,False,,,,,,no_settlement_seen;thin_trading(<5 updates)
01a0420e-d7b7-7587-ba8f-602e0942424f,Fifa,Virtual_2 vs Virtual_3,Seria A (Virtual eComp),2026-08-29T19:34:00Z,1,0,0,False,False,,,,,,no_settlement_seen;thin_trading(<5 updates)
01a048a5-ef8c-7485-aa45-b57585f658cd,Fifa,Dreamer vs Koss,Volta Champions League A,2026-08-29T19:39:00Z,1,0,0,False,False,,,,,,no_settlement_seen;thin_trading(<5 updates)
01a048a5-e2f0-75ee-bf44-6b2c6c1f5b40,Fifa,Groma vs fantazer,Volta Champions League A,2026-08-29T19:39:00Z,1,0,0,False,False,,,,,,no_settlement_seen;thin_trading(<5 updates)
01a0420f-23e0-72d8-a3f6-244052ec4328,Fifa,Virtual_11 vs Virtual_12,Bundesliga (Virtual eComp),2026-08-29T19:46:00Z,1,0,0,False,False,,,,,,no_settlement_seen;thin_trading(<5 updates)
01a0420e-daa5-762e-b03f-7e4fd533ca21,Fifa,Virtual_1 vs Virtual_4,Seria A (Virtual eComp),2026-08-29T19:46:00Z,1,0,0,False,False,,,,,,no_settlement_seen;thin_trading(<5 updates)
01a048a5-e562-7a5d-8447-0dc5c390ecd9,Fifa,Koss vs Groma,Volta Champions League A,2026-08-29T19:48:00Z,1,0,0,False,False,,,,,,no_settlement_seen;thin_trading(<5 updates)
01a048a5-ed27-73ab-9967-10a805948449,Fifa,fantazer vs Bob,Volta Champions League A,2026-08-29T19:48:00Z,1,0,0,False,False,,,,,,no_settlement_seen;thin_trading(<5 updates)
01a048a5-e98c-785d-98c7-32f4d52e8b63,Fifa,Groma vs Dreamer,Volta Champions League A,2026-08-29T19:57:00Z,1,0,0,False,False,,,,,,no_settlement_seen;thin_trading(<5 updates)
01a048a5-ebad-7f6b-be2b-32726f3d2d46,Fifa,Bob vs Koss,Volta Champions League A,2026-08-29T19:57:00Z,1,0,0,False,False,,,,,,no_settlement_seen;thin_trading(<5 updates)
01a0420e-e4f4-7c3e-8eab-6e51e799dfdc,Fifa,Virtual_5 vs Virtual_1,Seria A (Virtual eComp),2026-08-29T19:58:00Z,1,0,0,False,False,,,,,,no_settlement_seen;thin_trading(<5 updates)
01a0420f-32c8-762f-accc-364b6db7bbc9,Fifa,Virtual_10 vs Virtual_12,Bundesliga (Virtual eComp),2026-08-29T19:58:00Z,1,0,0,False,False,,,,,,no_settlement_seen;thin_trading(<5 updates)
01a048a5-f22c-7098-b5df-a5d5b4f2710b,Fifa,Koss vs fantazer,Volta Champions League A,2026-08-29T20:06:00Z,1,0,0,False,False,,,,,,no_settlement_seen;thin_trading(<5 updates)
01a048a5-e45c-7e20-acef-2b2d67174e49,Fifa,Dreamer vs Bob,Volta Champions League A,2026-08-29T20:06:00Z,1,0,0,False,False,,,,,,no_settlement_seen;thin_trading(<5 updates)
01a048a5-f39b-7540-b140-aded7e7da42a,Fifa,Groma vs Bob,Volta Champions League A,2026-08-29T20:15:00Z,1,0,0,False,False,,,,,,no_settlement_seen;thin_trading(<5 updates)
01a048a5-e59d-7bc2-bc54-f4dae1ba870e,Fifa,Dreamer vs fantazer,Volta Champions League A,2026-08-29T20:15:00Z,1,0,0,False,False,,,,,,no_settlement_seen;thin_trading(<5 updates)
01a048a5-e5e4-7c61-a07a-fdbf6caa5775,Fifa,fantazer vs Groma,Volta Champions League A,2026-08-29T20:24:00Z,1,0,0,False,False,,,,,,no_settlement_seen;thin_trading(<5 updates)
01a048a5-f165-7dd3-8a2a-071685c0e2c0,Fifa,Koss vs Dreamer,Volta Champions League A,2026-08-29T20:24:00Z,1,0,0,False,False,,,,,,no_settlement_seen;thin_trading(<5 updates)
01a048a5-e5d9-7fd8-b332-72bcc2c8110b,Fifa,Groma vs Koss,Volta Champions League A,2026-08-29T20:33:00Z,1,0,0,False,False,,,,,,no_settlement_seen;thin_trading(<5 updates)
01a048a5-ec6d-7bbe-86ed-e704e4c924b0,Fifa,Bob vs fantazer,Volta Champions League A,2026-08-29T20:33:00Z,1,0,0,False,False,,,,,,no_settlement_seen;thin_trading(<5 updates)
01a048a5-eb61-76ce-92b0-ea3763779ade,Fifa,Dreamer vs Groma,Volta Champions League A,2026-08-29T20:42:00Z,1,0,0,False,False,,,,,,no_settlement_seen;thin_trading(<5 updates)
01a048a5-e724-713b-b6c2-8258eeec9da0,Fifa,Koss vs Bob,Volta Champions League A,2026-08-29T20:42:00Z,1,0,0,False,False,,,,,,no_settlement_seen;thin_trading(<5 updates)
01a048a5-e731-7740-89dd-1e79bc226e4e,Fifa,Bob vs Dreamer,Volta Champions League A,2026-08-29T20:51:00Z,1,0,0,False,False,,,,,,no_settlement_seen;thin_trading(<5 updates)
01a048a5-ecc8-7b40-ac68-34251805fbdc,Fifa,fantazer vs Koss,Volta Champions League A,2026-08-29T20:51:00Z,1,0,0,False,False,,,,,,no_settlement_seen;thin_trading(<5 updates)
47cf1ab2-ada3-4ae1-97fc-8caa008cdc13,TableTennis,Pytsko Ivan vs Dobrovolskyi Volodymyr,Setka Cup Men,2026-08-28T01:45:00Z,1,218,218,True,False,,,,,,thin_trading(<5 updates)
b9611fc8-ab75-448e-ae34-e6980f151d3d,TableTennis,Kovalenko Veacheslav vs Hnoievoi Roman,Setka Cup Men,2026-08-28T01:55:00Z,1,294,294,True,False,,,,,,thin_trading(<5 updates)
bfdeaeb5-be7a-4fc8-ab08-bfe37c1d0ccc,TableTennis,Barancean Sergiu vs Sirbu Veaceslav,Setka Cup Men,2026-08-28T02:00:00Z,1,211,211,True,False,,,,,,thin_trading(<5 updates)
9fd901b8-b277-4672-861b-0536fbaa0c40,TableTennis,Pesternikov Denys vs Kozachuk Ivan,Setka Cup Men,2026-08-28T02:00:00Z,1,231,231,True,False,,,,,,thin_trading(<5 updates)
bca73d2f-b22a-4e3d-be58-ca6e9ad2a689,TableTennis,Yakovenko Anton vs Kulishov Hryhorii,Setka Cup Men,2026-08-28T02:05:00Z,1,220,220,True,False,,,,,,thin_trading(<5 updates)
f855f632-46cd-4c07-8f31-25523bfbaefa,TableTennis,Khamurda Vitalii vs Skachenko Serhii,Setka Cup Men,2026-08-28T02:25:00Z,1,306,306,True,False,,,,,,thin_trading(<5 updates)
baa895b1-b45f-4bab-9e09-b7ea1b0c2bd9,TableTennis,Urechean Vadim vs Rotari Alexei,Setka Cup Men,2026-08-28T02:30:00Z,1,182,182,True,False,,,,,,thin_trading(<5 updates)
3ed2a173-bf92-43bf-9119-5320a1f16235,TableTennis,Plishylo Volodymyr vs Haiseniuk Ruslan,Setka Cup Men,2026-08-28T02:30:00Z,1,274,274,True,False,,,,,,thin_trading(<5 updates)
e616cd17-4e3e-429e-b458-df3bd62b1c2f,TableTennis,Skliar Mykhailo vs Kim Dmytro,Setka Cup Men,2026-08-28T02:35:00Z,1,223,223,True,False,,,,,,thin_trading(<5 updates)
03df527a-16d8-4b6f-a1b6-78bb8939cf77,TableTennis,Abalmaz Spartak vs Naida Oleksandr,Setka Cup Men,2026-08-28T02:55:00Z,1,170,170,True,False,,,,,,thin_trading(<5 updates)
00460e9f-6062-4d10-87eb-32c345e32b10,TableTennis,Hoshko Nikita vs Romaniak Ivan,Setka Cup Men,2026-08-28T03:00:00Z,1,182,182,True,False,,,,,,thin_trading(<5 updates)
e1ff98a6-9382-4049-b4d2-c0d4ab092ac2,TableTennis,Sirbu Veaceslav vs Barancean Sergiu,Setka Cup Men,2026-08-28T03:00:00Z,1,238,238,True,False,,,,,,thin_trading(<5 updates)
8f2d9160-fe53-487f-94d2-e96e42e78ebc,TableTennis,Kobets Vitalii vs Yakovenko Anton,Setka Cup Men,2026-08-28T03:05:00Z,1,292,292,True,False,,,,,,thin_trading(<5 updates)
d902af1c-dfe7-4c46-8e79-db30f89147ce,TableTennis,Kovalenko Veacheslav vs Khamurda Vitalii,Setka Cup Men,2026-08-28T03:25:00Z,1,176,176,True,False,,,,,,thin_trading(<5 updates)
682a45c9-1a61-4400-9839-f39ed4b9486c,TableTennis,Rotari Alexei vs Urechean Vadim,Setka Cup Men,2026-08-28T03:30:00Z,1,179,179,True,False,,,,,,thin_trading(<5 updates)
8b74fcbf-2477-44ff-b361-abf04538071e,TableTennis,Peretiatko Andrii vs Kim Dmytro,Setka Cup Men,2026-08-28T03:35:00Z,1,250,250,True,False,,,,,,thin_trading(<5 updates)
2dcf2d66-a752-4b34-9136-3db32af415f5,TableTennis,Hnoievoi Roman vs Naida Oleksandr,Setka Cup Men,2026-08-28T03:55:00Z,1,191,191,True,False,,,,,,thin_trading(<5 updates)
95fde57b-2958-4ea6-a640-71c7ed315b0b,TableTennis,Kulishov Hryhorii vs Skliar Mykhailo,Setka Cup Men,2026-08-28T04:05:00Z,1,235,235,True,False,,,,,,thin_trading(<5 updates)
dea77ba6-70fd-45f0-8738-c99d6a616ff4,TableTennis,Skachenko Serhii vs Abalmaz Spartak,Setka Cup Men,2026-08-28T04:25:00Z,1,282,282,True,False,,,,,,thin_trading(<5 updates)
a86d48e9-85c5-4f86-8991-6be430dde02f,TableTennis,Treshchetka Mykola vs Maksymkiv Oleh,Setka Cup Men,2026-08-28T04:25:00Z,1,146,146,True,False,,,,,,thin_trading(<5 updates)
72afbfda-30fb-4aa8-80a7-7f82ade2049f,TableTennis,Ziakun Oleksandr vs Hubenko Maksym,Setka Cup Men,2026-08-28T04:30:00Z,1,300,300,True,False,,,,,,thin_trading(<5 updates)
e59d4061-21a0-4bcb-8bc4-d3d59e1ce42f,TableTennis,Kovshun Yaroslav vs Troian Andrii,Setka Cup Men,2026-08-28T04:30:00Z,1,226,226,True,False,,,,,,thin_trading(<5 updates)
3085c5a3-50e2-43b2-9ef5-49897df4aac5,TableTennis,Hrekh Iurii vs Rodin Oleksii,Setka Cup Men,2026-08-28T04:35:00Z,1,229,229,True,False,,,,,,thin_trading(<5 updates)
8beccacb-bc7b-43dd-8559-2ab156ef3cd2,TableTennis,Belanchyk Dmytro vs Dunas Mykhailo,Setka Cup Men,2026-08-28T04:55:00Z,1,276,276,True,False,,,,,,thin_trading(<5 updates)
a8ea14d6-f710-455b-b2fc-fac58adedc14,TableTennis,Kotiash Andrii vs Holoborodko Evhenii,Setka Cup Men,2026-08-28T05:00:00Z,1,255,255,True,False,,,,,,thin_trading(<5 updates)
341b43b4-8e02-4213-b39b-de5eaf9f677a,TableTennis,Prylepa Dmytro vs Kuzmenko Dmytro,Setka Cup Men,2026-08-28T05:00:00Z,1,191,191,True,False,,,,,,thin_trading(<5 updates)
f2199069-4fb4-4cbb-a843-5e92bc557440,TableTennis,Denysenko Maksym vs Pohorilyi Mykola,Setka Cup Men,2026-08-28T05:00:00Z,1,249,249,True,False,,,,,,thin_trading(<5 updates)
e6f16dcd-643e-4df6-a2b8-d7706aa543a2,TableTennis,Klymenko Kostiantyn vs Khalenko Mykhailo,Setka Cup Men,2026-08-28T05:05:00Z,1,225,225,True,False,,,,,,thin_trading(<5 updates)
0f265b41-6969-4829-afbe-833a1dcf1cf9,TableTennis,Loboda Myroslav vs Vorsulyak Yaroslav,Setka Cup Men,2026-08-28T05:05:00Z,1,161,161,True,False,,,,,,thin_trading(<5 updates)
ae2846bb-0cb9-476d-8cdd-24e5dc503577,TableTennis,Wasik Petr vs Burylov Volodymyr,Setka Cup Men,2026-08-28T05:15:00Z,1,206,206,True,False,,,,,,thin_trading(<5 updates)
9d150aaf-3325-4e9f-b0f8-cc6760ad14f4,TableTennis,Vivatenko Mykhailo vs Maslovskyi Oleksandr,Setka Cup Men,2026-08-28T05:25:00Z,2,155,155,True,False,,,,,,thin_trading(<5 updates)
0bf397fd-9405-421f-933e-e2d2eb36e73b,TableTennis,Syksa Oleksandr vs Chuhai Serhii,Setka Cup Men,2026-08-28T05:30:00Z,2,231,231,True,False,,,,,,thin_trading(<5 updates)
38afa796-1bfa-46bb-a34d-239bb05d8d09,TableTennis,Habrelyan Daniil vs Sopivnyk Ruslan,Setka Cup Men,2026-08-28T05:30:00Z,2,161,161,True,False,,,,,,thin_trading(<5 updates)
b3b5e235-a3de-4b30-af37-0490a557857d,TableTennis,Torianyk Oleh vs Kolesnik Petro,Setka Cup Men,2026-08-28T05:30:00Z,2,160,160,True,False,,,,,,thin_trading(<5 updates)
2ca74c04-5c1f-4cff-91a9-dd30a7f15748,TableTennis,Makara Michal vs Adam Lukas,Setka Cup Men,2026-08-28T05:30:00Z,1,279,279,True,False,,,,,,thin_trading(<5 updates)
99aa9287-418a-4e88-bbb6-e60a624f26aa,TableTennis,Slozka Viktor vs Shchegelskyi Dmytro,Setka Cup Men,2026-08-28T05:35:00Z,2,238,238,True,False,,,,,,thin_trading(<5 updates)
c3e3df06-b2f9-44aa-aff4-7c6c85352723,TableTennis,Stukalov Vladyslav vs Skhabitskiy Sergii,Setka Cup Men,2026-08-28T05:35:00Z,2,288,288,True,False,,,,,,thin_trading(<5 updates)
c2d5400a-6802-49d0-819b-4c406538e337,TableTennis,Zelinka Matus vs Dobias Ladislav,Setka Cup Men,2026-08-28T05:45:00Z,1,242,242,True,False,,,,,,thin_trading(<5 updates)
50cfebd6-fe01-4d53-953a-8cde8609aff8,TableTennis,Savoliuk Volodymyr vs Strutinskiy Oleksandr,Setka Cup Men,2026-08-28T05:50:00Z,2,240,240,True,False,,,,,,thin_trading(<5 updates)
49de855b-e210-489d-9c57-af7506157595,TableTennis,Treshchetka Mykola vs Dunas Mykhailo,Setka Cup Men,2026-08-28T05:55:00Z,2,252,252,True,False,,,,,,thin_trading(<5 updates)
296b0b3c-f489-474b-8892-653799a6225c,TableTennis,Kovshun Yaroslav vs Holoborodko Evhenii,Setka Cup Men,2026-08-28T06:00:00Z,2,297,297,True,False,,,,,,thin_trading(<5 updates)
2c53a543-e8e3-4911-be3c-cd3f9da71944,TableTennis,Pisa Radovan vs Heinzl Lukas,Setka Cup Men,2026-08-28T06:00:00Z,1,246,246,True,False,,,,,,thin_trading(<5 updates)
032aad31-2dc1-4cc9-b04b-250093285510,TableTennis,Ziakun Oleksandr vs Kuzmenko Dmytro,Setka Cup Men,2026-08-28T06:00:00Z,2,255,255,True,False,,,,,,thin_trading(<5 updates)
54162c3e-2aa8-42d3-bc6c-dafdb0c69d4c,TableTennis,Sideltsev Sergii vs Pohorilyi Mykola,Setka Cup Men,2026-08-28T06:00:00Z,2,320,320,True,False,,,,,,thin_trading(<5 updates)
119eb560-3414-45fd-b132-82c3fd021090,TableTennis,Hrekh Iurii vs Vorsulyak Yaroslav,Setka Cup Men,2026-08-28T06:05:00Z,2,155,155,True,False,,,,,,thin_trading(<5 updates)
7f986c89-0148-4cf7-a453-8c155f681e24,TableTennis,Kondratenko Vasyl vs Mytsyk Oleksandr,Setka Cup Men,2026-08-28T06:05:00Z,2,229,229,True,False,,,,,,thin_trading(<5 updates)
70b59f0a-f8a5-48ea-b2c5-0ed1a8e05843,TableTennis,Wasik Petr vs Dobias Ladislav,Setka Cup Men,2026-08-28T06:15:00Z,1,230,230,True,False,,,,,,thin_trading(<5 updates)
50c7dd81-694b-416a-ae83-daf279146a3b,TableTennis,Derevianko Andrii vs Zozulia Artem,Setka Cup Men,2026-08-28T06:20:00Z,8,261,261,True,False,,,,,,
6ef4c349-15d1-4d44-8557-4767db733852,TableTennis,Maslovskyi Oleksandr vs Maksymkiv Oleh,Setka Cup Men,2026-08-28T06:25:00Z,32,273,273,True,False,,,,,,
983b8fea-a48f-4198-b516-bf9ef07529a9,TableTennis,Sopivnyk Ruslan vs Troian Andrii,Setka Cup Men,2026-08-28T06:30:00Z,2,167,167,True,False,,,,,,thin_trading(<5 updates)
f3770688-df2a-4b95-a73a-91ced81be336,TableTennis,Makara Michal vs Heinzl Lukas,Setka Cup Men,2026-08-28T06:30:00Z,64,356,356,True,False,,,,,,
9cc79d59-b3ca-49c2-b654-9d5a5d4e4a7f,TableTennis,Denysenko Maksym vs Torianyk Oleh,Setka Cup Men,2026-08-28T06:30:00Z,43,217,217,True,False,,,,,,
d8ea8ef8-7a6d-4c7e-9500-0885443357f9,TableTennis,Chuhai Serhii vs Hubenko Maksym,Setka Cup Men,2026-08-28T06:30:00Z,2,164,164,True,False,,,,,,thin_trading(<5 updates)
daa79899-8a5b-4503-9fdb-4dbefe563321,TableTennis,Shchegelskyi Dmytro vs Rodin Oleksii,Setka Cup Men,2026-08-28T06:35:00Z,40,234,234,True,False,,,,,,
e1ae7cec-e326-4e84-af62-03b71cc48030,TableTennis,Klymenko Kostiantyn vs Skhabitskiy Sergii,Setka Cup Men,2026-08-28T06:35:00Z,50,235,235,True,False,,,,,,
05ba856e-fa8f-4346-b89e-f33935cd0bd3,TableTennis,Zelinka Matus vs Burylov Volodymyr,Setka Cup Men,2026-08-28T06:45:00Z,109,228,228,True,False,,,,,,
9a185aab-edaa-4c33-8439-d58a53495fff,TableTennis,Riadynskyi Yehor vs Hrytsenko Evhenii,Setka Cup Men,2026-08-28T06:50:00Z,76,187,187,True,False,,,,,,
aadc3ef5-8027-4e61-a636-5bdd05267012,TableTennis,Belanchyk Dmytro vs Vivatenko Mykhailo,Setka Cup Men,2026-08-28T06:55:00Z,118,301,301,True,False,,,,,,
28b52cbe-301d-4f14-a5da-d2931bdc31a3,TableTennis,Prylepa Dmytro vs Syksa Oleksandr,Setka Cup Men,2026-08-28T07:00:00Z,100,253,253,True,False,,,,,,
f858d17a-6a78-4b02-a041-3e7e7d8d8614,TableTennis,Pisa Radovan vs Adam Lukas,Setka Cup Men,2026-08-28T07:00:00Z,77,175,175,True,False,,,,,,
f7662aa1-2a78-4294-aac6-2ecdcfdf28ff,TableTennis,Sideltsev Sergii vs Kolesnik Petro,Setka Cup Men,2026-08-28T07:00:00Z,96,252,252,True,False,,,,,,
63041477-8e10-407b-aa87-31c0ee51f74c,TableTennis,Kotiash Andrii vs Habrelyan Daniil,Setka Cup Men,2026-08-28T07:00:00Z,91,217,217,True,False,,,,,,
20688227-2e9e-4262-905c-095f3d34a389,TableTennis,Loboda Myroslav vs Slozka Viktor,Setka Cup Men,2026-08-28T07:05:00Z,86,220,220,True,False,,,,,,
f122ccb7-9e85-41b5-a6ff-180ea3ac5a35,TableTennis,Mytsyk Oleksandr vs Khalenko Mykhailo,Setka Cup Men,2026-08-28T07:05:00Z,109,253,253,True,False,,,,,,
39b598f8-8d2d-4151-9c63-44222c4193f1,TableTennis,Wasik Petr vs Zelinka Matus,Setka Cup Men,2026-08-28T07:15:00Z,93,213,213,True,False,,,,,,
78209896-ea49-4545-857b-cbe4c729f150,TableTennis,Savoliuk Volodymyr vs Zozulia Artem,Setka Cup Men,2026-08-28T07:20:00Z,70,166,166,True,False,,,,,,
5895aee2-a4a5-460b-b835-adfbba2c5866,TableTennis,Treshchetka Mykola vs Maslovskyi Oleksandr,Setka Cup Men,2026-08-28T07:25:00Z,97,241,241,True,False,,,,,,
fcc7d6f9-ec53-43dc-9fb4-5b2463d412d5,TableTennis,Kovshun Yaroslav vs Sopivnyk Ruslan,Setka Cup Men,2026-08-28T07:30:00Z,72,170,170,True,False,,,,,,
5d20ab29-a17c-47ce-9df8-1fe53ddd269b,TableTennis,Ziakun Oleksandr vs Chuhai Serhii,Setka Cup Men,2026-08-28T07:30:00Z,110,291,291,True,False,,,,,,
db9fbeb7-4506-4995-bd2e-42660e4ea612,TableTennis,Torianyk Oleh vs Pohorilyi Mykola,Setka Cup Men,2026-08-28T07:30:00Z,109,299,299,True,False,,,,,,
4629740e-bc8d-479f-b73a-abd95c3d0ad9,TableTennis,Makara Michal vs Pisa Radovan,Setka Cup Men,2026-08-28T07:30:00Z,127,291,291,True,False,,,,,,
c7618f21-3c00-4a88-8dfc-3fce0e4dc16e,TableTennis,Stukalov Vladyslav vs Kondratenko Vasyl,Setka Cup Men,2026-08-28T07:35:00Z,94,223,223,True,False,,,,,,
86e6bf6a-fc7c-441d-bf7e-22e014ef3b1a,TableTennis,Hrekh Iurii vs Shchegelskyi Dmytro,Setka Cup Men,2026-08-28T07:35:00Z,85,237,237,True,False,,,,,,
0c13dc9f-843d-4683-a189-ebd3fff7e40f,TableTennis,Dobias Ladislav vs Burylov Volodymyr,Setka Cup Men,2026-08-28T07:45:00Z,120,316,316,True,False,,,,,,
9632973d-b28b-4ccf-b13d-ad122ab7fe3c,TableTennis,Hrytsenko Evhenii vs Strutinskiy Oleksandr,Setka Cup Men,2026-08-28T07:50:00Z,118,296,296,True,False,,,,,,
10031de3-6c2e-4a5b-bfb3-aa0cb161e315,TableTennis,Vivatenko Mykhailo vs Dunas Mykhailo,Setka Cup Men,2026-08-28T07:55:00Z,110,278,278,True,False,,,,,,
9ed7f1fe-1b22-42ca-8253-9794d628a355,TableTennis,Habrelyan Daniil vs Holoborodko Evhenii,Setka Cup Men,2026-08-28T08:00:00Z,68,163,163,True,False,,,,,,
5a438584-3d99-4b00-bf5d-99f55ba5371e,TableTennis,Syksa Oleksandr vs Kuzmenko Dmytro,Setka Cup Men,2026-08-28T08:00:00Z,103,279,279,True,False,,,,,,
ea46daa1-7ad4-43d9-b357-793b77a954f0,TableTennis,Heinzl Lukas vs Adam Lukas,Setka Cup Men,2026-08-28T08:00:00Z,83,195,195,True,False,,,,,,
9ff9717c-79bc-4129-b437-902b1c1d90f7,TableTennis,Denysenko Maksym vs Kolesnik Petro,Setka Cup Men,2026-08-28T08:00:00Z,90,255,255,True,False,,,,,,
c15dc742-600b-48bb-921d-5322ecc264d7,TableTennis,Klymenko Kostiantyn vs Mytsyk Oleksandr,Setka Cup Men,2026-08-28T08:05:00Z,73,164,164,True,False,,,,,,
560097c7-65d7-422d-84b0-18204fad8170,TableTennis,Slozka Viktor vs Vorsulyak Yaroslav,Setka Cup Men,2026-08-28T08:05:00Z,64,169,169,True,False,,,,,,
9fba09f6-13eb-4c99-93c2-816fde5636ac,TableTennis,Derevianko Andrii vs Riadynskyi Yehor,Setka Cup Men,2026-08-28T08:20:00Z,97,247,247,True,False,,,,,,
73144f81-c096-427e-b07d-f26a33380012,TableTennis,Dobias Ladislav vs Zelinka Matus,Setka Cup Men,2026-08-28T08:25:00Z,94,242,242,True,False,,,,,,
049db893-769e-48cc-8482-a010f91eb61e,TableTennis,Belanchyk Dmytro vs Maksymkiv Oleh,Setka Cup Men,2026-08-28T08:25:00Z,132,327,327,True,False,,,,,,
2a486d30-2a46-495f-8026-7cf9a62ee00e,TableTennis,Prylepa Dmytro vs Hubenko Maksym,Setka Cup Men,2026-08-28T08:30:00Z,80,215,215,True,False,,,,,,
af58cbb1-ae3c-478c-a4a7-a0731383ecf0,TableTennis,Pisa Radovan vs Makara Michal,Setka Cup Men,2026-08-28T08:30:00Z,93,238,238,True,False,,,,,,
a9a96172-67a8-49da-a512-f4e01f79c1f7,TableTennis,Sideltsev Sergii vs Torianyk Oleh,Setka Cup Men,2026-08-28T08:30:00Z,93,260,260,True,False,,,,,,
f17e8127-5e34-498b-8d77-1b638f202b31,TableTennis,Kotiash Andrii vs Troian Andrii,Setka Cup Men,2026-08-28T08:30:00Z,72,185,185,True,False,,,,,,
10a13f4f-f1a6-46d9-87da-ee28c21b3812,TableTennis,Kondratenko Vasyl vs Skhabitskiy Sergii,Setka Cup Men,2026-08-28T08:35:00Z,117,221,221,True,False,,,,,,
43f42837-174e-4622-b915-1be6225e9b65,TableTennis,Loboda Myroslav vs Rodin Oleksii,Setka Cup Men,2026-08-28T08:35:00Z,90,219,219,True,False,,,,,,
99638cdd-59b2-4524-b946-5ac70aa02dee,TableTennis,Savoliuk Volodymyr vs Hrytsenko Evhenii,Setka Cup Men,2026-08-28T08:50:00Z,78,179,179,True,False,,,,,,
e0032257-0020-4b0e-82eb-a18cd4bddb94,TableTennis,Treshchetka Mykola vs Vivatenko Mykhailo,Setka Cup Men,2026-08-28T08:55:00Z,110,282,282,True,False,,,,,,
edb664b6-3f97-4bf0-bf99-6b4ef1d5f54b,TableTennis,Burylov Volodymyr vs Wasik Petr,Setka Cup Men,2026-08-28T08:55:00Z,77,191,191,True,False,,,,,,
86bfe553-aa2f-49a1-80b4-80816b94df5b,TableTennis,Kolesnik Petro vs Pohorilyi Mykola,Setka Cup Men,2026-08-28T09:00:00Z,73,175,175,True,False,,,,,,
0ca793e1-3992-4a1f-a016-cfe47502dffb,TableTennis,Adam Lukas vs Heinzl Lukas,Setka Cup Men,2026-08-28T09:00:00Z,95,210,210,True,False,,,,,,
468aa810-e074-44d0-a327-cf49e2df2a2f,TableTennis,Kovshun Yaroslav vs Habrelyan Daniil,Setka Cup Men,2026-08-28T09:00:00Z,71,158,158,True,False,,,,,,
aa24c887-1146-4afd-a8bf-6d4045d0583a,TableTennis,Ziakun Oleksandr vs Syksa Oleksandr,Setka Cup Men,2026-08-28T09:00:00Z,127,346,346,True,False,,,,,,
3346d9d0-fcf2-47fa-b750-717ce90cd0ac,TableTennis,Hrekh Iurii vs Slozka Viktor,Setka Cup Men,2026-08-28T09:05:00Z,72,191,191,True,False,,,,,,
2eecfb4a-c1cb-4881-8a08-a889c1231e5e,TableTennis,Stukalov Vladyslav vs Khalenko Mykhailo,Setka Cup Men,2026-08-28T09:05:00Z,117,281,281,True,False,,,,,,
c20addda-d24d-4bb1-a048-bb90b3479477,TableTennis,Blazek Jan vs Hanacek Josef,Setka Cup Men,2026-08-28T09:15:00Z,80,173,173,True,False,,,,,,
7be0aa02-aa84-4ffd-bd43-662a079b5587,TableTennis,Riadynskyi Yehor vs Zozulia Artem,Setka Cup Men,2026-08-28T09:20:00Z,91,234,234,True,False,,,,,,
1799a7f2-1717-4fb8-9d30-816ebc4bc8c6,TableTennis,Belanchyk Dmytro vs Maslovskyi Oleksandr,Setka Cup Men,2026-08-28T09:25:00Z,129,314,314,True,False,,,,,,
664ee506-03fe-4aa0-97a4-9acbeed27dd3,TableTennis,Sideltsev Sergii vs Denysenko Maksym,Setka Cup Men,2026-08-28T09:30:00Z,92,258,258,True,False,,,,,,
03901846-6ec6-430a-b8ea-4062340650e3,TableTennis,Kotiash Andrii vs Sopivnyk Ruslan,Setka Cup Men,2026-08-28T09:30:00Z,138,330,330,True,False,,,,,,
bea6104d-5706-4e44-9ba2-ec1391a59bce,TableTennis,Dufek Jakub Jr vs Moulis Pavel,Setka Cup Men,2026-08-28T09:30:00Z,115,282,282,True,False,,,,,,
3aa2de0b-26d3-43dd-9ad6-275fba4bb806,TableTennis,Prylepa Dmytro vs Chuhai Serhii,Setka Cup Men,2026-08-28T09:30:00Z,104,285,285,True,False,,,,,,
6d0cf3f1-65b4-4bfd-953e-1e2ddb2eccb3,TableTennis,Loboda Myroslav vs Shchegelskyi Dmytro,Setka Cup Men,2026-08-28T09:35:00Z,91,217,217,True,False,,,,,,
abf31d7e-6691-41b2-a77c-e0f3f211d4b1,TableTennis,Klymenko Kostiantyn vs Kondratenko Vasyl,Setka Cup Men,2026-08-28T09:35:00Z,137,305,305,True,False,,,,,,
317ecf7c-3b15-4e97-aa68-1816c87cb278,TableTennis,Melisek Marian vs Vorel Martin,Setka Cup Men,2026-08-28T09:45:00Z,131,299,299,True,False,,,,,,
9fa89510-f63a-4444-a979-f6bff475089a,TableTennis,Derevianko Andrii vs Strutinskiy Oleksandr,Setka Cup Men,2026-08-28T09:50:00Z,133,312,295,True,False,,,,,,
4b6c5db4-ef0f-4b7b-88c4-2e348570b3da,TableTennis,Dunas Mykhailo vs Maksymkiv Oleh,Setka Cup Men,2026-08-28T09:55:00Z,103,256,256,True,False,,,,,,
e0ebcf60-c9a2-40c9-b1b5-c2b47252d15d,TableTennis,Holub Martin vs Krejcik Julius,Setka Cup Men,2026-08-28T10:00:00Z,80,209,209,True,False,,,,,,
222231bc-44fd-42e0-ac5c-47435aafe703,TableTennis,Kuzmenko Dmytro vs Hubenko Maksym,Setka Cup Men,2026-08-28T10:00:00Z,61,152,152,True,False,,,,,,
17169abb-d425-4839-8b63-d25a1157e475,TableTennis,Holoborodko Evhenii vs Troian Andrii,Setka Cup Men,2026-08-28T10:00:00Z,85,217,217,True,False,,,,,,
2649740e-b1c5-47e0-b8da-4b285ae52b27,TableTennis,Stukalov Vladyslav vs Mytsyk Oleksandr,Setka Cup Men,2026-08-28T10:05:00Z,129,312,312,True,False,,,,,,
62dbbd15-c898-44dd-9b72-f050c49b2077,TableTennis,Vorsulyak Yaroslav vs Rodin Oleksii,Setka Cup Men,2026-08-28T10:05:00Z,125,300,276,True,False,,,,,,
0aae2183-6460-4dc4-bcf0-b2e91552c423,TableTennis,Kolesnik Petro vs Denysenko Maksym,Setka Cup Men,2026-08-28T10:10:00Z,72,177,166,True,False,,,,,,
9eb42224-a098-4e37-98fa-09d496e6e47a,TableTennis,Blazek Jan vs Vorel Martin,Setka Cup Men,2026-08-28T10:15:00Z,90,186,176,True,False,,,,,,
b22f31c2-c444-45cd-bf05-f73cc77eebb8,TableTennis,Savoliuk Volodymyr vs Riadynskyi Yehor,Setka Cup Men,2026-08-28T10:20:00Z,91,238,238,True,False,,,,,,
db344ec9-79e1-4488-a42c-49fcd78d6cb4,TableTennis,Treshchetka Mykola vs Belanchyk Dmytro,Setka Cup Men,2026-08-28T10:25:00Z,71,167,167,True,False,,,,,,
c10be10c-24d8-48e8-81da-c7d7e8d44913,TableTennis,Kovshun Yaroslav vs Kotiash Andrii,Setka Cup Men,2026-08-28T10:30:00Z,89,182,182,True,False,,,,,,
10aadecc-85d7-464f-95b3-d0d108544b04,TableTennis,Dufek Jakub Jr vs Krejcik Julius,Setka Cup Men,2026-08-28T10:30:00Z,136,338,338,True,False,,,,,,
ffb42063-ae07-4ab6-a563-2e5d5c373dab,TableTennis,Ziakun Oleksandr vs Prylepa Dmytro,Setka Cup Men,2026-08-28T10:30:00Z,94,238,238,True,False,,,,,,
132e3fb5-fc6a-4021-9ac9-13296a5ea245,TableTennis,Skhabitskiy Sergii vs Khalenko Mykhailo,Setka Cup Men,2026-08-28T10:35:00Z,79,176,176,True,False,,,,,,
1772d505-f540-4336-b07c-c3da5c84a868,TableTennis,Hrekh Iurii vs Loboda Myroslav,Setka Cup Men,2026-08-28T10:35:00Z,89,217,217,True,False,,,,,,
7d53ae58-aa36-4667-9c15-e22afc24c992,TableTennis,Torianyk Oleh vs Sideltsev Sergii,Setka Cup Men,2026-08-28T10:40:00Z,102,275,275,True,False,,,,,,
f84767a8-de41-4041-9121-c31424285993,TableTennis,Voronenkov Volodymyr vs Seliuchenko Oleksandr,Setka Cup Men,2026-08-28T10:40:00Z,133,339,339,True,False,,,,,,
95b65009-703b-4014-965d-0b250a3752b5,TableTennis,Melisek Marian vs Hanacek Josef,Setka Cup Men,2026-08-28T10:45:00Z,94,235,235,True,False,,,,,,
1cab306f-a2cf-4a35-98c5-5de3569f187b,TableTennis,Derevianko Andrii vs Hrytsenko Evhenii,Setka Cup Men,2026-08-28T10:50:00Z,87,202,202,True,False,,,,,,
4163cb31-46a8-4559-a818-874c8955dcda,TableTennis,Vivatenko Mykhailo vs Maksymkiv Oleh,Setka Cup Men,2026-08-28T10:55:00Z,117,277,277,True,False,,,,,,
a80030f9-f811-42f7-b3d1-6bcf31f16abe,TableTennis,Syksa Oleksandr vs Hubenko Maksym,Setka Cup Men,2026-08-28T11:00:00Z,94,238,238,True,False,,,,,,
0d7744f2-270f-4fda-8fa5-e9e8e4229896,TableTennis,Habrelyan Daniil vs Troian Andrii,Setka Cup Men,2026-08-28T11:00:00Z,72,185,185,True,False,,,,,,
11f32831-20dc-4e14-a49d-b1ca40646eb1,TableTennis,Holub Martin vs Moulis Pavel,Setka Cup Men,2026-08-28T11:00:00Z,103,267,267,True,False,,,,,,
9da598a3-f322-4805-aebd-c21947a25950,TableTennis,Klymenko Kostiantyn vs Stukalov Vladyslav,Setka Cup Men,2026-08-28T11:05:00Z,86,170,170,True,False,,,,,,
3d1a53cd-788d-483b-a668-68a27517c02d,TableTennis,Slozka Viktor vs Rodin Oleksii,Setka Cup Men,2026-08-28T11:05:00Z,89,228,228,True,False,,,,,,
3e507cad-d357-4603-a43b-221925109f1a,TableTennis,Marushchak Vitalii S. vs Levshyn Anatolii,Setka Cup Men,2026-08-28T11:10:00Z,99,226,226,True,False,,,,,,
0a33bce0-9564-48f5-85eb-98c68a73d180,TableTennis,Blazek Jan vs Melisek Marian,Setka Cup Men,2026-08-28T11:15:00Z,132,268,268,True,False,,,,,,
e3204fae-82ba-4e1f-b16b-5ac000949e8e,TableTennis,Zozulia Artem vs Strutinskiy Oleksandr,Setka Cup Men,2026-08-28T11:20:00Z,114,285,285,True,False,,,,,,
a69c89f4-57fc-4d2d-b600-d03fa09fd050,TableTennis,Maslovskyi Oleksandr vs Dunas Mykhailo,Setka Cup Men,2026-08-28T11:25:00Z,116,256,256,True,False,,,,,,
c1a682ef-462a-4503-a19d-69e45f79fa56,TableTennis,Dufek Jakub Jr vs Holub Martin,Setka Cup Men,2026-08-28T11:30:00Z,92,237,237,True,False,,,,,,
faa254eb-2744-4566-89a9-190c88010a62,TableTennis,Chuhai Serhii vs Kuzmenko Dmytro,Setka Cup Men,2026-08-28T11:30:00Z,66,179,179,True,False,,,,,,
186f55e3-4dca-44bb-8300-27bc695f0385,TableTennis,Sopivnyk Ruslan vs Holoborodko Evhenii,Setka Cup Men,2026-08-28T11:30:00Z,116,276,276,True,False,,,,,,
c3e8a067-ae03-463a-ad91-13f153e86611,TableTennis,Shchegelskyi Dmytro vs Vorsulyak Yaroslav,Setka Cup Men,2026-08-28T11:35:00Z,64,170,170,True,False,,,,,,
0a44d652-f31d-4d02-a2f6-f7fc07beffd1,TableTennis,Kondratenko Vasyl vs Khalenko Mykhailo,Setka Cup Men,2026-08-28T11:35:00Z,5,0,0,True,False,,,,,,
ee3aae18-a7c8-4b3d-9618-66ad07adc32b,TableTennis,Plakushchyi Pavel vs Yurkov Artem,Setka Cup Men,2026-08-28T11:40:00Z,129,291,281,True,False,,,,,,
b7564a22-3bcc-4634-b00b-dc71941eda48,TableTennis,Vorel Martin vs Hanacek Josef,Setka Cup Men,2026-08-28T11:45:00Z,116,273,270,True,False,,,,,,
27ceec4e-ac5e-4648-ac52-48c75eaae212,TableTennis,Savoliuk Volodymyr vs Derevianko Andrii,Setka Cup Men,2026-08-28T11:50:00Z,106,250,250,True,False,,,,,,
8a036594-d393-45e2-958d-449557b1ba4c,TableTennis,Pytsko Ivan vs Hrybeniuk Volodymyr,Setka Cup Men,2026-08-28T11:55:00Z,96,246,238,True,False,,,,,,
91d6ea2f-8129-4287-b5ab-2b15c890d276,TableTennis,Spivacov Oleg vs Rata Mihail,Setka Cup Men,2026-08-28T12:00:00Z,143,254,254,True,False,,,,,,
a0a2cc44-2a9f-4a50-8999-bc08ece3c6ae,TableTennis,Horokh Roman vs Ponomarenko Serhii,Setka Cup Men,2026-08-28T12:00:00Z,99,261,261,True,False,,,,,,
d9600e36-03ce-425b-80d8-ba45181d1ab9,TableTennis,Efimov Oleh vs Kunchurov Dmytro,Setka Cup Men,2026-08-28T12:00:00Z,90,178,178,True,False,,,,,,
9ec1cdee-d7fb-4f8b-99db-fc2cdd700b52,TableTennis,Krejcik Julius vs Moulis Pavel,Setka Cup Men,2026-08-28T12:00:00Z,105,230,216,True,False,,,,,,
3f34e499-18f1-40d5-bd89-7673a19b7f53,TableTennis,Ivanov Ruslan vs Fedoryshyn Ivan,Setka Cup Men,2026-08-28T12:00:00Z,91,229,224,True,False,,,,,,
0e95433f-08ab-4344-9c73-1258ea254146,TableTennis,Plishylo Volodymyr vs Lazebnyi Ruslan,Setka Cup Men,2026-08-28T12:05:00Z,68,155,146,True,False,,,,,,
2b446979-c825-4fed-9503-14cdd1d03f17,TableTennis,Mytsyk Oleksandr vs Skhabitskiy Sergii,Setka Cup Men,2026-08-28T12:05:00Z,102,98,38,True,False,,,,,,
bd174739-352e-404a-aeae-bff058d3bf22,TableTennis,Voronenkov Volodymyr vs Levshyn Anatolii,Setka Cup Men,2026-08-28T12:10:00Z,96,220,220,True,False,,,,,,
6ad17e74-cbac-4adc-8b0a-3ae86b38280a,TableTennis,Riadynskyi Yehor vs Strutinskiy Oleksandr,Setka Cup Men,2026-08-28T12:20:00Z,120,309,309,True,False,,,,,,
258454a0-24ea-43ee-a54a-e31163492334,TableTennis,Slozka Mykola vs Dobrovolskyi Volodymyr,Setka Cup Men,2026-08-28T12:25:00Z,68,168,168,True,False,,,,,,
24bf8822-e644-42ba-bda4-3b0b12c60b27,TableTennis,Hanacek Josef vs Blazek Jan,Setka Cup Men,2026-08-28T12:25:00Z,123,312,312,True,False,,,,,,
c57ebd7f-fb5e-4d92-b151-ddf526c5e754,TableTennis,Badai Maksym vs Kasyanov Artem,Setka Cup Men,2026-08-28T12:30:00Z,73,194,194,True,False,,,,,,
095a05f8-2d88-492d-b706-229fc852f37e,TableTennis,Krejcik Julius vs Dufek Jakub Jr,Setka Cup Men,2026-08-28T12:30:00Z,92,229,229,True,False,,,,,,
d485dea9-e548-461f-a304-dad2401adb96,TableTennis,Osipov Sergey vs Kuzko Stanislav,Setka Cup Men,2026-08-28T12:30:00Z,144,306,306,True,False,,,,,,
c88ea105-547e-49ba-a65f-e1bfc5411c7a,TableTennis,Kryshtal Dmytro vs Balabei Serhii,Setka Cup Men,2026-08-28T12:30:00Z,84,220,220,True,False,,,,,,
11860b49-033c-41e8-a8ae-c54b8f7845f7,TableTennis,Cosogolov Alexandr vs Iusiumbeli Evghenii,Setka Cup Men,2026-08-28T12:30:00Z,113,212,212,True,False,,,,,,
83c2770b-53b0-4949-8724-e0e7e2f2f0f0,TableTennis,Haiseniuk Ruslan vs Kovalchuk Nazarii,Setka Cup Men,2026-08-28T12:35:00Z,89,213,213,True,False,,,,,,
da8a2cd1-4879-4704-a76b-9aee99ccf3ab,TableTennis,Skachenko Serhii vs Ponomarenko Tymur,Setka Cup Men,2026-08-28T12:35:00Z,102,248,248,True,False,,,,,,
db9211ae-e1c5-4f37-ab24-c102b7f2ad45,TableTennis,Yurkov Artem vs Seliuchenko Oleksandr,Setka Cup Men,2026-08-28T12:40:00Z,104,235,235,True,False,,,,,,
bec631c2-0bc9-40c8-9982-53e7e2cce3bb,TableTennis,Hrytsenko Evhenii vs Zozulia Artem,Setka Cup Men,2026-08-28T12:50:00Z,117,276,276,True,False,,,,,,
28f60d4e-f6d8-436e-b33f-fea8e49853e2,TableTennis,Vorel Martin vs Melisek Marian,Setka Cup Men,2026-08-28T12:55:00Z,125,287,287,True,False,,,,,,
fcd2983c-b1af-4401-a0c0-84ec7fc661ba,TableTennis,Kuzmych Volodymyr vs Hrybeniuk Volodymyr,Setka Cup Men,2026-08-28T12:55:00Z,61,152,152,True,False,,,,,,
c84eb2ae-ff33-4ddd-a1c2-7ad4ff2310c6,TableTennis,Moulis Pavel vs Holub Martin,Setka Cup Men,2026-08-28T13:00:00Z,67,160,160,True,False,,,,,,
c9616d43-a51a-4686-8a14-d0ffd7dd7d02,TableTennis,Ivanov Ruslan vs Kasyanov Artem,Setka Cup Men,2026-08-28T13:00:00Z,100,234,234,True,False,,,,,,
33f28b5d-07ff-4981-a5d9-b38f7e8ef834,TableTennis,Spivacov Oleg vs Iusiumbeli Evghenii,Setka Cup Men,2026-08-28T13:00:00Z,144,319,314,True,False,,,,,,
50d7b6f0-d24c-4159-833e-eae60836269f,TableTennis,Mykhailenko Mykhailo vs Mykhalchenko Volodymyr,Setka Cup Men,2026-08-28T13:00:00Z,75,152,152,True,False,,,,,,
bcdcbb71-36ec-4627-839c-a7d656a5c844,TableTennis,Komar Vadym vs Ponomarenko Serhii,Setka Cup Men,2026-08-28T13:00:00Z,64,173,173,True,False,,,,,,
9d068b6d-212d-4df8-8406-35340522de04,TableTennis,Napirko Oleh vs Shcherbak Denys,Setka Cup Men,2026-08-28T13:05:00Z,70,184,184,True,False,,,,,,
e662c518-447a-4ca4-a5aa-a468514dac0f,TableTennis,Khamurda Vitalii vs Hnoievoi Roman,Setka Cup Men,2026-08-28T13:05:00Z,66,164,164,True,False,,,,,,
10dc5a6d-1dac-4fbd-bc22-727ca9f9e63d,TableTennis,Marushchak Vitalii S. vs Plakushchyi Pavel,Setka Cup Men,2026-08-28T13:10:00Z,102,258,252,True,False,,,,,,
d03fe571-8c63-4620-9141-b6c647ff8f39,TableTennis,Zelinka Matus vs Gasparovic David,Setka Cup Men,2026-08-28T13:15:00Z,125,289,286,True,False,,,,,,
204677d3-819d-4f8f-a301-571c31115036,TableTennis,Dukhovenko Oleksandr vs Mishchenko Oleksandr,Setka Cup Men,2026-08-28T13:25:00Z,90,207,207,True,False,,,,,,
e67ac08d-5676-42db-814d-e59312437abc,TableTennis,Pytsko Ivan vs Slozka Mykola,Setka Cup Men,2026-08-28T13:25:00Z,108,275,272,True,False,,,,,,
e1f984be-d415-48d7-85a2-7dd0baaeb8ea,TableTennis,Efimov Oleh vs Kuzko Stanislav,Setka Cup Men,2026-08-28T13:30:00Z,145,278,278,True,False,,,,,,
99a326c9-eca1-4c79-83b3-0fe3a1d3cb16,TableTennis,Schmidtmayer Frantisek vs Dvoracek Adam,Setka Cup Men,2026-08-28T13:30:00Z,78,203,203,True,False,,,,,,
08df6373-553a-483c-afc9-7c70d7020326,TableTennis,Horokh Roman vs Kryshtal Dmytro,Setka Cup Men,2026-08-28T13:30:00Z,68,180,180,True,False,,,,,,
87e8d290-eda2-437d-aa91-d80d71998e89,TableTennis,Cosogolov Alexandr vs Rata Mihail,Setka Cup Men,2026-08-28T13:30:00Z,90,164,164,True,False,,,,,,
07ab50ff-36e5-472d-96fe-b917566941ef,TableTennis,Badai Maksym vs Fedoryshyn Ivan,Setka Cup Men,2026-08-28T13:30:00Z,85,191,191,True,False,,,,,,
b462bd3c-87af-48ea-bd81-d399a895c200,TableTennis,Abalmaz Spartak vs Naida Oleksandr,Setka Cup Men,2026-08-28T13:35:00Z,76,194,194,True,False,,,,,,
920da8af-4255-4ea1-a115-6edc335889a7,TableTennis,Plishylo Volodymyr vs Kovalchuk Nazarii,Setka Cup Men,2026-08-28T13:35:00Z,112,239,239,True,False,,,,,,
40b8e743-a9cd-4f00-8d35-c5736ac97bd5,TableTennis,Voronenkov Volodymyr vs Yurkov Artem,Setka Cup Men,2026-08-28T13:40:00Z,76,198,198,True,False,,,,,,
566699f3-4f0d-4a06-a50c-e4bcb1c97db7,TableTennis,Heinzl Lukas vs Krames Jan Sr,Setka Cup Men,2026-08-28T13:45:00Z,71,176,176,True,False,,,,,,
fe76b9cd-719a-4e2a-91d4-6fbf1e822afc,TableTennis,Kuzmych Volodymyr vs Dobrovolskyi Volodymyr,Setka Cup Men,2026-08-28T13:55:00Z,75,188,188,True,False,,,,,,
adcde925-638c-4f4f-9083-db358c6e0f44,TableTennis,Chepurnyi Artem vs Makienko Mykhailo,Setka Cup Men,2026-08-28T13:55:00Z,96,231,231,True,False,,,,,,
75a1bea0-c513-4bdf-9401-10175297c4fb,TableTennis,Mykhalchenko Volodymyr vs Kunchurov Dmytro,Setka Cup Men,2026-08-28T14:00:00Z,101,217,217,True,False,,,,,,
136a8926-79e4-41c9-9279-2cdf8ec12c97,TableTennis,Ivanov Ruslan vs Badai Maksym,Setka Cup Men,2026-08-28T14:00:00Z,75,182,182,True,False,,,,,,
5eb8827a-37d1-4675-a125-72f6bd01552b,TableTennis,Komar Vadym vs Balabei Serhii,Setka Cup Men,2026-08-28T14:00:00Z,102,279,279,True,False,,,,,,
4b3445e7-1baa-461c-9f37-be767fd5be57,TableTennis,Spivacov Oleg vs Cosogolov Alexandr,Setka Cup Men,2026-08-28T14:00:00Z,100,232,232,True,False,,,,,,
b20c8804-8f48-45bb-a784-198a29d6c278,TableTennis,Vana Miroslav vs Kotrbacek Petr,Setka Cup Men,2026-08-28T14:00:00Z,70,185,185,True,False,,,,,,
3f434c1e-578e-45e7-a8d1-9bc848e91fc9,TableTennis,Skachenko Serhii vs Hnoievoi Roman,Setka Cup Men,2026-08-28T14:05:00Z,112,288,288,True,False,,,,,,
298ba608-e7c8-4925-a7e1-242ebd995ae6,TableTennis,Shcherbak Denys vs Lazebnyi Ruslan,Setka Cup Men,2026-08-28T14:05:00Z,83,203,203,True,False,,,,,,
72b03953-221a-41fd-88da-a4495bb3a277,TableTennis,Plakushchyi Pavel vs Levshyn Anatolii,Setka Cup Men,2026-08-28T14:10:00Z,86,211,211,True,False,,,,,,
c8f75128-6d87-4d6c-8f0c-ef5cc7bed21d,TableTennis,Zelinka Matus vs Krames Jan Sr,Setka Cup Men,2026-08-28T14:15:00Z,134,337,337,True,False,,,,,,
a28a3f63-4587-422a-acee-e6007a95bd56,TableTennis,Gavryshko Oleg vs Kryvorotko Yevhen,Setka Cup Men,2026-08-28T14:25:00Z,113,285,285,True,False,,,,,,
2df26939-b987-49d6-85a0-9a95553665b9,TableTennis,Slozka Mykola vs Hrybeniuk Volodymyr,Setka Cup Men,2026-08-28T14:25:00Z,92,229,229,True,False,,,,,,
cc62a195-63b5-4abf-acdf-0e0fd4b64fde,TableTennis,Kryshtal Dmytro vs Ponomarenko Serhii,Setka Cup Men,2026-08-28T14:30:00Z,59,158,158,True,False,,,,,,
59c5bcc3-95bb-43e0-a664-ddc01b9d00c2,TableTennis,Kasyanov Artem vs Fedoryshyn Ivan,Setka Cup Men,2026-08-28T14:30:00Z,89,237,237,True,False,,,,,,
5cbe5206-a032-4cee-96a1-d7fc7a63ac33,TableTennis,Iusiumbeli Evghenii vs Rata Mihail,Setka Cup Men,2026-08-28T14:30:00Z,98,222,222,True,False,,,,,,
65a769fd-be9e-4e53-9956-1f5942ed9f9e,TableTennis,Osipov Sergey vs Mykhailenko Mykhailo,Setka Cup Men,2026-08-28T14:30:00Z,77,164,164,True,False,,,,,,
c15da741-d1c5-402a-8c31-415ef41395b6,TableTennis,Schmidtmayer Frantisek vs Kotrbacek Petr,Setka Cup Men,2026-08-28T14:30:00Z,115,299,299,True,False,,,,,,
62cd3c93-9cd5-4870-9994-4199c51080d2,TableTennis,Naida Oleksandr vs Ponomarenko Tymur,Setka Cup Men,2026-08-28T14:35:00Z,116,293,293,True,False,,,,,,
1ded778d-ad0a-4df1-ac91-e122ced39c20,TableTennis,Haiseniuk Ruslan vs Napirko Oleh,Setka Cup Men,2026-08-28T14:35:00Z,80,203,203,True,False,,,,,,
42212d79-e8f4-41b8-a6d4-9c99ae559a8a,TableTennis,Marushchak Vitalii S. vs Seliuchenko Oleksandr,Setka Cup Men,2026-08-28T14:40:00Z,68,164,164,True,False,,,,,,
a48e58d3-4097-4882-927f-6f11cd4f8a9d,TableTennis,Heinzl Lukas vs Gasparovic David,Setka Cup Men,2026-08-28T14:45:00Z,98,242,242,True,False,,,,,,
89b8506c-6bd8-4606-a4bf-b02e05b3a1b6,TableTennis,Pytsko Ivan vs Dobrovolskyi Volodymyr,Setka Cup Men,2026-08-28T14:55:00Z,90,238,238,True,False,,,,,,
4d715e7d-f3c7-470f-b460-d7e479709af7,TableTennis,Dukhovenko Oleksandr vs Makienko Mykhailo,Setka Cup Men,2026-08-28T14:55:00Z,105,262,262,True,False,,,,,,
fea9982e-ee15-45a1-a779-9b58e5ebaf5a,TableTennis,Vana Miroslav vs Dvoracek Adam,Setka Cup Men,2026-08-28T15:00:00Z,111,286,286,True,False,,,,,,
422edd1d-0133-458e-9ed1-d343e745b054,TableTennis,Horokh Roman vs Balabei Serhii,Setka Cup Men,2026-08-28T15:00:00Z,102,288,288,True,False,,,,,,
1d1cfd6c-9340-4016-af16-66a48cd54d16,TableTennis,Badai Maksym vs Ivanov Ruslan,Setka Cup Men,2026-08-28T15:00:00Z,124,311,311,True,False,,,,,,
548cb12d-983c-48fb-b1fe-5da57fa05737,TableTennis,Efimov Oleh vs Mykhalchenko Volodymyr,Setka Cup Men,2026-08-28T15:00:00Z,121,290,290,True,False,,,,,,
a7b58fde-8cd1-471a-8829-0bbe62b367b0,TableTennis,Khamurda Vitalii vs Abalmaz Spartak,Setka Cup Men,2026-08-28T15:05:00Z,132,336,336,True,False,,,,,,
ef262f06-aaf8-49a2-acaa-fb3b4299dd06,TableTennis,Plishylo Volodymyr vs Shcherbak Denys,Setka Cup Men,2026-08-28T15:05:00Z,117,306,306,True,False,,,,,,
d590e51e-4664-4bcc-a453-e2778bb57e6c,TableTennis,Iusiumbeli Evghenii vs Cosogolov Alexandr,Setka Cup Men,2026-08-28T15:05:00Z,123,299,299,True,False,,,,,,
a37353f3-3340-4d96-b6d0-990ed791f1f6,TableTennis,Voronenkov Volodymyr vs Plakushchyi Pavel,Setka Cup Men,2026-08-28T15:10:00Z,109,262,262,True,False,,,,,,
eab31dfb-91b9-47d9-a59b-ceff6024d6e7,TableTennis,Zelinka Matus vs Heinzl Lukas,Setka Cup Men,2026-08-28T15:15:00Z,63,151,151,True,False,,,,,,
880b1ef0-3f1a-446d-a2be-0413f5ae1fe6,TableTennis,Teibas Alexandr vs Schiopu Serghei,Setka Cup Men,2026-08-28T15:15:00Z,133,261,261,True,False,,,,,,
ae4f824b-f0a1-4fa7-89f5-f8074e206d85,TableTennis,Kuzmych Volodymyr vs Slozka Mykola,Setka Cup Men,2026-08-28T15:25:00Z,120,287,287,True,False,,,,,,
7d4d52f1-c6a5-4d01-956a-23335f498a10,TableTennis,Kryvorotko Yevhen vs Mishchenko Oleksandr,Setka Cup Men,2026-08-28T15:25:00Z,82,220,220,True,False,,,,,,
3db2e962-1867-47af-bb27-06042838defc,TableTennis,Fedoryshyn Ivan vs Kasyanov Artem,Setka Cup Men,2026-08-28T15:30:00Z,76,194,194,True,False,,,,,,
a49ef69d-a71a-4b40-9753-76d294243e9b,TableTennis,Komar Vadym vs Kryshtal Dmytro,Setka Cup Men,2026-08-28T15:30:00Z,109,310,310,True,False,,,,,,
40d7c281-efee-4a48-84ad-d273fb5cc6c0,TableTennis,Mykhailenko Mykhailo vs Kuzko Stanislav,Setka Cup Men,2026-08-28T15:30:00Z,142,313,313,True,False,,,,,,
133ed76f-2c71-430f-abd4-d618e3d89d2f,TableTennis,Schmidtmayer Frantisek vs Vana Miroslav,Setka Cup Men,2026-08-28T15:30:00Z,102,275,275,True,False,,,,,,
cb49f46c-ac4e-4683-89d3-dc16b99c1a67,TableTennis,Napirko Oleh vs Kovalchuk Nazarii,Setka Cup Men,2026-08-28T15:35:00Z,86,228,228,True,False,,,,,,
a2d19df8-0ae2-4056-a836-d70a2cac87d5,TableTennis,Skachenko Serhii vs Naida Oleksandr,Setka Cup Men,2026-08-28T15:35:00Z,123,313,313,True,False,,,,,,
9afd40ba-e198-4ada-a56d-7ce6fdde4d9d,TableTennis,Rata Mihail vs Spivacov Oleg,Setka Cup Men,2026-08-28T15:35:00Z,146,332,332,True,False,,,,,,
db376bbc-ded4-46e9-a3f2-b966e3a2549a,TableTennis,Marushchak Vitalii S. vs Yurkov Artem,Setka Cup Men,2026-08-28T15:40:00Z,89,237,237,True,False,,,,,,
733d7e80-54d8-43d0-ac7f-6a7d48b35aac,TableTennis,Krames Jan Sr vs Gasparovic David,Setka Cup Men,2026-08-28T15:45:00Z,76,176,176,True,False,,,,,,
6bbbf0b4-430a-441c-81c5-dc863cbd48d4,TableTennis,Imparatel Alexandru vs Cilcic Evgheni,Setka Cup Men,2026-08-28T15:45:00Z,79,161,161,True,False,,,,,,
1816844b-f0f0-40f0-aec2-a0855efebd6a,TableTennis,Chepurnyi Artem vs Gavryshko Oleg,Setka Cup Men,2026-08-28T15:55:00Z,122,312,312,True,False,,,,,,
8cce33af-abb6-47d3-b7e4-8e1c2a5e1c56,TableTennis,Dobrovolskyi Volodymyr vs Hrybeniuk Volodymyr,Setka Cup Men,2026-08-28T15:55:00Z,73,192,192,True,False,,,,,,
e764356b-e78e-45cd-8386-2e945285ae9a,TableTennis,Fedoryshyn Ivan vs Badai Maksym,Setka Cup Men,2026-08-28T16:00:00Z,92,248,248,True,False,,,,,,
0ca58d1f-cfee-4af7-95da-a48fb182bd00,TableTennis,Otgon Andrei vs Iskander Christopher,Setka Cup Men,2026-08-28T16:00:00Z,90,203,203,True,False,,,,,,
c0ac70c4-fe5c-49d9-97cb-aacb8da1c311,TableTennis,Balabei Serhii vs Ponomarenko Serhii,Setka Cup Men,2026-08-28T16:00:00Z,96,249,249,True,False,,,,,,
8233173c-6db6-4ffa-b38c-3b252b28474f,TableTennis,Kotrbacek Petr vs Dvoracek Adam,Setka Cup Men,2026-08-28T16:00:00Z,140,379,379,True,False,,,,,,
80dcc701-efc8-444a-8bf1-faca44beaa03,TableTennis,Osipov Sergey vs Kunchurov Dmytro,Setka Cup Men,2026-08-28T16:00:00Z,98,187,187,True,False,,,,,,
71ac8f6f-cb2c-4096-8c16-3f353684b570,TableTennis,Haiseniuk Ruslan vs Lazebnyi Ruslan,Setka Cup Men,2026-08-28T16:05:00Z,119,321,321,True,False,,,,,,
b7ba798d-1a24-4df4-8726-2e3f675a3714,TableTennis,Abalmaz Spartak vs Hnoievoi Roman,Setka Cup Men,2026-08-28T16:05:00Z,65,164,164,True,False,,,,,,
1d06e64f-8f57-4bda-a276-61b4ebcb0669,TableTennis,Levshyn Anatolii vs Seliuchenko Oleksandr,Setka Cup Men,2026-08-28T16:10:00Z,100,253,253,True,False,,,,,,
998a4608-b7bc-4399-9ca9-6e2717daacc6,TableTennis,Teibas Alexandr vs Cilcic Evgheni,Setka Cup Men,2026-08-28T16:15:00Z,112,238,238,True,False,,,,,,
c66bae45-5501-49f0-befa-c39b5be7615c,TableTennis,Krames Jan Sr vs Zelinka Matus,Setka Cup Men,2026-08-28T16:15:00Z,114,284,284,True,False,,,,,,
a1c7f18c-e775-4931-a0b1-f2199176ef8e,TableTennis,Dukhovenko Oleksandr vs Kryvorotko Yevhen,Setka Cup Men,2026-08-28T16:25:00Z,119,303,303,True,False,,,,,,
46e2f2d7-5fbc-40e4-a0c5-c088797a8e9a,TableTennis,Kuzmych Volodymyr vs Pytsko Ivan,Setka Cup Men,2026-08-28T16:25:00Z,62,143,143,True,False,,,,,,
9a0dd386-e259-4599-9aa8-ae96bad08518,TableTennis,Komar Vadym vs Horokh Roman,Setka Cup Men,2026-08-28T16:30:00Z,106,297,297,True,False,,,,,,
b7ecdbae-57a0-46ab-8ab3-3022bd9507c1,TableTennis,Ursu Sergiu vs Bucos Oleg,Setka Cup Men,2026-08-28T16:30:00Z,75,173,173,True,False,,,,,,
0aa96749-c589-4383-8414-069ad74b1ae6,TableTennis,Kasyanov Artem vs Ivanov Ruslan,Setka Cup Men,2026-08-28T16:30:00Z,74,167,167,True,False,,,,,,
c8f5b057-d134-4629-ad2c-6e837d96075e,TableTennis,Efimov Oleh vs Mykhailenko Mykhailo,Setka Cup Men,2026-08-28T16:30:00Z,82,173,173,True,False,,,,,,
007c53b0-9a02-4510-9d7c-3ac0bca90950,TableTennis,Khamurda Vitalii vs Ponomarenko Tymur,Setka Cup Men,2026-08-28T16:35:00Z,74,173,173,True,False,,,,,,
71853d86-9216-47d8-ac68-ae921cdd053f,TableTennis,Plishylo Volodymyr vs Napirko Oleh,Setka Cup Men,2026-08-28T16:35:00Z,107,263,263,True,False,,,,,,
b4c921d5-74e2-4b70-b2f7-16e44262a35e,TableTennis,Voronenkov Volodymyr vs Marushchak Vitalii S.,Setka Cup Men,2026-08-28T16:40:00Z,127,325,325,True,False,,,,,,
70f0420a-81f9-49c7-b8f3-b4aeb8cfe4f3,TableTennis,Kotrbacek Petr vs Schmidtmayer Frantisek,Setka Cup Men,2026-08-28T16:45:00Z,121,316,316,True,False,,,,,,
f04c0d3b-f3c4-4ee6-a2b9-c47d33bf70de,TableTennis,Imparatel Alexandru vs Schiopu Serghei,Setka Cup Men,2026-08-28T16:45:00Z,108,226,226,True,False,,,,,,
29cc77af-be72-487a-ae8f-4699d6ca08f6,TableTennis,Gasparovic David vs Heinzl Lukas,Setka Cup Men,2026-08-28T16:45:00Z,122,291,291,True,False,,,,,,
196602da-2d26-4987-a6fa-6b11b0b0c400,TableTennis,Hrybeniuk Volodymyr vs Dobrovolskyi Volodymyr,Setka Cup Men,2026-08-28T16:55:00Z,104,282,282,True,False,,,,,,
a47913ad-495e-42df-8611-dee1d591b7f1,TableTennis,Gavryshko Oleg vs Makienko Mykhailo,Setka Cup Men,2026-08-28T16:55:00Z,89,228,228,True,False,,,,,,
0a8e0dd3-f82a-4fdc-8854-f3fba10b1e3a,TableTennis,Otgon Andrei vs Bucos Oleg,Setka Cup Men,2026-08-28T17:00:00Z,106,205,205,True,False,,,,,,
c69a3767-d556-4187-8436-f74179822ffc,TableTennis,Fedoryshyn Ivan vs Ivanov Ruslan,Setka Cup Men,2026-08-28T17:00:00Z,113,294,294,True,False,,,,,,
fbcf4028-c148-43d0-980b-cc1f511a8742,TableTennis,Osipov Sergey vs Mykhalchenko Volodymyr,Setka Cup Men,2026-08-28T17:00:00Z,79,152,152,True,False,,,,,,
29ef87a9-c8b5-4c52-8859-0744dd921fed,TableTennis,Skachenko Serhii vs Abalmaz Spartak,Setka Cup Men,2026-08-28T17:05:00Z,79,203,203,True,False,,,,,,
a27ec00f-8575-4d12-bbe4-c024e7b8b1f8,TableTennis,Haiseniuk Ruslan vs Shcherbak Denys,Setka Cup Men,2026-08-28T17:05:00Z,81,220,220,True,False,,,,,,
1410d963-88d6-4410-9c02-3680acf66e4a,TableTennis,Kryshtal Dmytro vs Komar Vadym,Setka Cup Men,2026-08-28T17:05:00Z,63,170,170,True,False,,,,,,
da6dc27b-7b09-4159-9e33-a5fc85faab61,TableTennis,Plakushchyi Pavel vs Seliuchenko Oleksandr,Setka Cup Men,2026-08-28T17:10:00Z,104,267,267,True,False,,,,,,
3010aac6-5a78-479c-85c1-26c5c4186730,TableTennis,Dvoracek Adam vs Vana Miroslav,Setka Cup Men,2026-08-28T17:15:00Z,98,270,270,True,False,,,,,,
425a427b-92d4-4ace-a81f-f8abf2a0dc0b,TableTennis,Teibas Alexandr vs Imparatel Alexandru,Setka Cup Men,2026-08-28T17:15:00Z,135,282,282,True,False,,,,,,
649e4257-ade2-4cb3-a601-30e531fe24da,TableTennis,Provaznik Petr vs Merkl Roman,Setka Cup Men,2026-08-28T17:15:00Z,74,176,176,True,False,,,,,,
40e4038d-a0ca-40e8-aab1-053c301acedf,TableTennis,Slozka Mykola vs Pytsko Ivan,Setka Cup Men,2026-08-28T17:25:00Z,112,290,290,True,False,,,,,,
f24ce7c5-fbaf-4750-9405-7f8af7319358,TableTennis,Chepurnyi Artem vs Mishchenko Oleksandr,Setka Cup Men,2026-08-28T17:25:00Z,70,175,175,True,False,,,,,,
ac051844-90d2-4e2e-919d-11ce9e51954a,TableTennis,Kasyanov Artem vs Badai Maksym,Setka Cup Men,2026-08-28T17:30:00Z,110,297,297,True,False,,,,,,
5d84f015-29ce-41f2-be27-7d82edcd0e8a,TableTennis,Hanke Tomas vs Hala Pavel,Setka Cup Men,2026-08-28T17:30:00Z,69,169,169,True,False,,,,,,
b679923a-1c16-46e1-9c52-5c200644a49d,TableTennis,Ursu Sergiu vs Iskander Christopher,Setka Cup Men,2026-08-28T17:30:00Z,103,236,236,True,False,,,,,,
f8e1aed7-4970-49d4-9eb9-8e2d6f9e56ca,TableTennis,Kuzko Stanislav vs Kunchurov Dmytro,Setka Cup Men,2026-08-28T17:30:00Z,77,161,161,True,False,,,,,,
ee42afdf-86b3-4ef9-b1b1-8aa07f9ff1dd,TableTennis,Khamurda Vitalii vs Naida Oleksandr,Setka Cup Men,2026-08-28T17:35:00Z,117,304,304,True,False,,,,,,
334ade26-d32a-4f75-b46e-aa107ebf07b8,TableTennis,Kovalchuk Nazarii vs Lazebnyi Ruslan,Setka Cup Men,2026-08-28T17:35:00Z,95,244,244,True,False,,,,,,
18c00957-24b4-400a-a54c-3a3be47752cc,TableTennis,Ponomarenko Serhii vs Horokh Roman,Setka Cup Men,2026-08-28T17:35:00Z,67,176,176,True,False,,,,,,
55e31076-32a3-426b-ac42-24066cf7a342,TableTennis,Yurkov Artem vs Levshyn Anatolii,Setka Cup Men,2026-08-28T17:40:00Z,133,350,350,True,False,,,,,,
8c357145-7caf-4290-9877-9f07f7b5fa7c,TableTennis,Cilcic Evgheni vs Schiopu Serghei,Setka Cup Men,2026-08-28T17:45:00Z,98,220,220,True,False,,,,,,
f7f40f6c-0d37-4d81-b82d-7f9ddc4313a1,TableTennis,Pavlik Adam vs Hajek Miroslav,Setka Cup Men,2026-08-28T17:45:00Z,122,264,264,True,False,,,,,,
f764a76c-7bf5-45c9-acb1-b567da90f028,TableTennis,Dukhovenko Oleksandr vs Gavryshko Oleg,Setka Cup Men,2026-08-28T17:55:00Z,73,182,182,True,False,,,,,,
1a0e686c-91ed-49d7-bba5-245f8aa9fc16,TableTennis,Efimov Oleh vs Osipov Sergey,Setka Cup Men,2026-08-28T18:00:00Z,110,207,207,True,False,,,,,,
8c622d36-e1ac-452b-bfc3-2dc815b31cc8,TableTennis,Otgon Andrei vs Ursu Sergiu,Setka Cup Men,2026-08-28T18:00:00Z,82,164,164,True,False,,,,,,
8ad97396-cd1f-43e4-a848-125bcbb93870,TableTennis,Brichacek David vs Maly Petr,Setka Cup Men,2026-08-28T18:00:00Z,89,223,223,True,False,,,,,,
55520233-add1-4645-b960-20c4dbc2ddd8,TableTennis,Plishylo Volodymyr vs Haiseniuk Ruslan,Setka Cup Men,2026-08-28T18:05:00Z,118,316,316,True,False,,,,,,
016023a3-97e7-421c-9524-83672c9847aa,TableTennis,Hnoievoi Roman vs Ponomarenko Tymur,Setka Cup Men,2026-08-28T18:05:00Z,95,226,226,True,False,,,,,,
71aef598-5a4b-4b0d-ba0d-5d39bcec398b,TableTennis,Imparatel Alexandru vs Teibas Alexandr,Setka Cup Men,2026-08-28T18:15:00Z,100,226,226,True,False,,,,,,
d9f103d5-1348-4f02-95b4-c2ac5d4ef1c2,TableTennis,Provaznik Petr vs Hajek Miroslav,Setka Cup Men,2026-08-28T18:15:00Z,93,228,228,True,False,,,,,,
fda84912-7826-4188-9caf-ff4f4eb2d299,TableTennis,Chepurnyi Artem vs Kryvorotko Yevhen,Setka Cup Men,2026-08-28T18:25:00Z,80,203,203,True,False,,,,,,
ae3f0cfd-9bac-49a8-b589-c773d4272579,TableTennis,Hanke Tomas vs Maly Petr,Setka Cup Men,2026-08-28T18:30:00Z,93,249,249,True,False,,,,,,
06007449-cb5b-4eda-bed0-c5bf4012b4aa,TableTennis,Bucos Oleg vs Iskander Christopher,Setka Cup Men,2026-08-28T18:30:00Z,72,155,155,True,False,,,,,,
34a77334-41a4-4b3d-a5f7-7936514b788b,TableTennis,Mykhailenko Mykhailo vs Kunchurov Dmytro,Setka Cup Men,2026-08-28T18:30:00Z,144,274,274,True,False,,,,,,
10f129b3-425d-4907-b357-333d72af647b,TableTennis,Skachenko Serhii vs Khamurda Vitalii,Setka Cup Men,2026-08-28T18:35:00Z,87,238,238,True,False,,,,,,
144d2ea6-4274-4f01-b59e-ff87f7d9aec6,TableTennis,Napirko Oleh vs Lazebnyi Ruslan,Setka Cup Men,2026-08-28T18:35:00Z,108,291,291,True,False,,,,,,
b573c18a-57b1-4727-9fcc-d5ff9d6497e7,TableTennis,Pavlik Adam vs Merkl Roman,Setka Cup Men,2026-08-28T18:45:00Z,76,182,182,True,False,,,,,,
24343031-21dc-4582-8293-d31a057598bb,TableTennis,Schiopu Serghei vs Cilcic Evgheni,Setka Cup Men,2026-08-28T18:45:00Z,89,164,164,True,False,,,,,,
3a0689ac-ca74-4d03-920d-fca6f318688d,TableTennis,Makienko Mykhailo vs Mishchenko Oleksandr,Setka Cup Men,2026-08-28T18:55:00Z,131,316,316,True,False,,,,,,
d1403b69-9c43-448b-a24a-9d190d4cae43,TableTennis,Brichacek David vs Hala Pavel,Setka Cup Men,2026-08-28T19:00:00Z,97,255,255,True,False,,,,,,
668279ec-2885-4aa3-a68c-3e7ad45e902f,TableTennis,Bucos Oleg vs Ursu Sergiu,Setka Cup Men,2026-08-28T19:00:00Z,94,214,214,True,False,,,,,,
2911b0b9-87c2-4955-8bf1-2e1a32292af6,TableTennis,Mykhalchenko Volodymyr vs Kuzko Stanislav,Setka Cup Men,2026-08-28T19:00:00Z,65,152,152,True,False,,,,,,
292c1708-4403-4a6c-a590-f6edbcc0bdde,TableTennis,Shcherbak Denys vs Kovalchuk Nazarii,Setka Cup Men,2026-08-28T19:05:00Z,65,181,181,True,False,,,,,,
fc6d24ad-b0d6-4331-8f6e-caddc3f0e3d7,TableTennis,Abalmaz Spartak vs Ponomarenko Tymur,Setka Cup Men,2026-08-28T19:05:00Z,94,241,241,True,False,,,,,,
d1b8cbea-3f00-43a3-ac17-e69b54e12b29,TableTennis,Provaznik Petr vs Pavlik Adam,Setka Cup Men,2026-08-28T19:15:00Z,97,231,231,True,False,,,,,,
29f7b18c-422f-4b8c-86e1-50a96eb21a8c,TableTennis,Mocan David vs Salcutan Veaceslav,Setka Cup Men,2026-08-28T19:15:00Z,104,244,244,True,False,,,,,,
db0bc975-c8c4-45ba-8f1a-6a8c947895f0,TableTennis,Dukhovenko Oleksandr vs Chepurnyi Artem,Setka Cup Men,2026-08-28T19:25:00Z,128,268,268,True,False,,,,,,
806f6f08-c67c-47f8-a554-fc91003c0f30,TableTennis,Hanke Tomas vs Brichacek David,Setka Cup Men,2026-08-28T19:30:00Z,114,306,306,True,False,,,,,,
11e5eb4c-9abc-470d-9762-4d61abcb00ca,TableTennis,Iskander Christopher vs Otgon Andrei,Setka Cup Men,2026-08-28T19:30:00Z,113,269,269,True,False,,,,,,
89d86f74-9cf7-469d-b31d-40cbdba7381e,TableTennis,Naida Oleksandr vs Hnoievoi Roman,Setka Cup Men,2026-08-28T19:35:00Z,102,254,243,True,False,,,,,,
a75b89b2-084b-44ae-8de0-db9fd0718562,TableTennis,Hajek Miroslav vs Merkl Roman,Setka Cup Men,2026-08-28T19:45:00Z,105,250,250,True,False,,,,,,
7504175f-10ee-4456-bbb1-26bb0ce6d40f,TableTennis,Scofari Vladimir vs Turcanu Maxim,Setka Cup Men,2026-08-28T19:45:00Z,109,254,254,True,False,,,,,,
b2ef90b6-974b-4201-8184-821116cd858e,TableTennis,Gavryshko Oleg vs Mishchenko Oleksandr,Setka Cup Men,2026-08-28T19:55:00Z,101,234,234,True,False,,,,,,
67ff72ac-7fdd-4aae-942c-7953c5010d36,TableTennis,Dirul Vitalie vs Turcan Victor,Setka Cup Men,2026-08-28T20:00:00Z,100,215,215,True,False,,,,,,
ad4c3274-7e34-4135-8490-cf01549dbe45,TableTennis,Maly Petr vs Hala Pavel,Setka Cup Men,2026-08-28T20:00:00Z,64,161,161,True,False,,,,,,
6c39f3d7-8b3d-4178-84cd-17d8a0f1a8cf,TableTennis,Vlasenko Valerii vs Kotik Andrii,Setka Cup Men,2026-08-28T20:00:00Z,128,313,313,True,False,,,,,,
357025a0-c3bc-49f0-bbc1-17b0a2b23b8d,TableTennis,Mocan David vs Turcanu Maxim,Setka Cup Men,2026-08-28T20:15:00Z,107,260,260,True,False,,,,,,
8a303612-7260-4c2b-a5d7-c30349658c2f,TableTennis,Fashchevskyi Ivan vs Maltsev Denys,Setka Cup Men,2026-08-28T20:15:00Z,118,311,311,True,False,,,,,,
ad2af923-7232-48f9-a63b-12f2c0fe6789,TableTennis,Pavlik Adam vs Provaznik Petr,Setka Cup Men,2026-08-28T20:20:00Z,82,192,192,True,False,,,,,,
e41036e6-2304-4a56-9e40-d273e7afc454,TableTennis,Kryvorotko Yevhen vs Makienko Mykhailo,Setka Cup Men,2026-08-28T20:25:00Z,113,258,258,True,False,,,,,,
f7613182-7dba-448b-995c-a066f15f0f79,TableTennis,Ungurean Maxim vs Iasciuc Victor,Setka Cup Men,2026-08-28T20:30:00Z,82,152,152,True,False,,,,,,
b60259a9-807c-463b-b268-f6d5a0dba65b,TableTennis,Brichacek David vs Hanke Tomas,Setka Cup Men,2026-08-28T20:30:00Z,60,148,148,True,False,,,,,,
272056b7-83fc-4b38-81f1-017f93e25f74,TableTennis,Hura Orest vs Smyrnov Mykyta,Setka Cup Men,2026-08-28T20:30:00Z,118,290,290,True,False,,,,,,
abf5600b-7ad5-435c-a82b-e52e1c6cccf6,TableTennis,Budnikov Oleksandr vs Storozhenko Oleksandr,Setka Cup Men,2026-08-28T20:45:00Z,1,0,0,True,False,,,,,,thin_trading(<5 updates)
182dc1d3-f8a3-44da-aae6-9ea6666d65e0,TableTennis,Scofari Vladimir vs Salcutan Veaceslav,Setka Cup Men,2026-08-28T20:45:00Z,94,217,217,True,False,,,,,,
b7e6a500-6a02-4279-ae64-2653925689aa,TableTennis,Merkl Roman vs Hajek Miroslav,Setka Cup Men,2026-08-28T20:50:00Z,124,285,285,True,False,,,,,,
94974c3c-2d11-49ef-9d1e-7aa668a0c4c1,TableTennis,Dirul Vitalie vs Iasciuc Victor,Setka Cup Men,2026-08-28T21:00:00Z,80,187,187,True,False,,,,,,
a5b86382-db06-42e0-81cd-23bb01a25e77,TableTennis,Hala Pavel vs Maly Petr,Setka Cup Men,2026-08-28T21:00:00Z,101,266,266,True,False,,,,,,
d2b9a9a6-0ba0-4b95-bd09-56b0930c3d2d,TableTennis,Shypilov Anton vs Mitla Oleksii,Setka Cup Men,2026-08-28T21:00:00Z,97,240,240,True,False,,,,,,
0815d92d-43a2-47e8-952d-e41646201e6f,TableTennis,Krol Yan vs Derevynskyi Dmytro,Setka Cup Men,2026-08-28T21:05:00Z,88,214,214,True,False,,,,,,
535d2efe-8178-4ab8-b5b7-f39d0f35b6bf,TableTennis,Tebenko Yaroslav vs Moshovskyi Vasyl,Setka Cup Men,2026-08-28T21:15:00Z,69,167,167,True,False,,,,,,
0e643ffb-cacc-4817-b767-6667617d2427,TableTennis,Mocan David vs Scofari Vladimir,Setka Cup Men,2026-08-28T21:15:00Z,113,251,251,True,False,,,,,,
d88b64a9-499f-4686-a00c-2c94e9547d22,TableTennis,Cherevko Roman vs Masko Yevhen,Setka Cup Men,2026-08-28T21:25:00Z,103,276,276,True,False,,,,,,
58ccf493-0219-41db-ad3c-2ffaeed5618c,TableTennis,Ungurean Maxim vs Turcan Victor,Setka Cup Men,2026-08-28T21:30:00Z,102,244,244,True,False,,,,,,
1a8ee4b3-9d68-403e-96b2-d1ca4cd2b5b6,TableTennis,Vlasenko Valerii vs Smyrnov Mykyta,Setka Cup Men,2026-08-28T21:30:00Z,93,212,212,True,False,,,,,,
9f959a43-f54e-4a80-bfce-12000cb23de5,TableTennis,Hrynenko Kostiantyn vs Gomilko Oleksandr,Setka Cup Men,2026-08-28T21:35:00Z,101,244,244,True,False,,,,,,
ab905d76-c171-48cb-96c8-4c65a374f59f,TableTennis,Turcanu Maxim vs Salcutan Veaceslav,Setka Cup Men,2026-08-28T21:45:00Z,113,220,220,True,False,,,,,,
314ea666-0d66-4fed-9b29-a3dcc3378d28,TableTennis,Fashchevskyi Ivan vs Storozhenko Oleksandr,Setka Cup Men,2026-08-28T21:45:00Z,84,219,219,True,False,,,,,,
0e6c8025-34bb-4fa2-b3f1-6828d9134f4c,TableTennis,Reznychenko Roman vs Pysmennyi Yevhen,Setka Cup Men,2026-08-28T21:55:00Z,99,256,256,True,False,,,,,,
674d1a26-a008-4e32-b7af-b23d9d698366,TableTennis,Mitla Oleksii vs Kotik Andrii,Setka Cup Men,2026-08-28T22:00:00Z,71,164,164,True,False,,,,,,
9377bf24-e9e6-4731-b2ab-8e4bd4d35062,TableTennis,Dirul Vitalie vs Ungurean Maxim,Setka Cup Men,2026-08-28T22:00:00Z,88,211,211,True,False,,,,,,
bbe47191-da21-43b0-a2d9-7b3a4e8ca7a6,TableTennis,Panasenko Volodymyr vs Lobas Valentyn,Setka Cup Men,2026-08-28T22:05:00Z,120,310,310,True,False,,,,,,
28ebda8e-f5e1-4a99-b456-cfc964925d34,TableTennis,Moshovskyi Vasyl vs Maltsev Denys,Setka Cup Men,2026-08-28T22:15:00Z,120,296,296,True,False,,,,,,
cd3768fa-98fb-45ec-9b91-b704e87f4f10,TableTennis,Scofari Vladimir vs Mocan David,Setka Cup Men,2026-08-28T22:15:00Z,75,177,177,True,False,,,,,,
edbc6acf-441b-45c9-8131-f3fe8843d526,TableTennis,Melnyk Valerii vs Tuzhylin Oleksandr,Setka Cup Men,2026-08-28T22:25:00Z,117,300,300,True,False,,,,,,
0ccdfa72-a97e-4ccb-ab6b-464b64889366,TableTennis,Iasciuc Victor vs Turcan Victor,Setka Cup Men,2026-08-28T22:30:00Z,96,262,262,True,False,,,,,,
1000204f-3a68-4f3f-9be4-c2e115511e19,TableTennis,Hura Orest vs Shypilov Anton,Setka Cup Men,2026-08-28T22:30:00Z,96,214,214,True,False,,,,,,
eab772c4-d429-4f77-87a1-e6d5cdaf1619,TableTennis,Krol Yan vs Gomilko Oleksandr,Setka Cup Men,2026-08-28T22:35:00Z,75,179,179,True,False,,,,,,
d54fc19f-c2a3-46fc-a0fe-a308f54a2348,TableTennis,Salcutan Veaceslav vs Turcanu Maxim,Setka Cup Men,2026-08-28T22:45:00Z,119,264,264,True,False,,,,,,
b1ea85fa-672b-4f8e-8272-f55165973392,TableTennis,Budnikov Oleksandr vs Tebenko Yaroslav,Setka Cup Men,2026-08-28T22:45:00Z,118,295,295,True,False,,,,,,
316b6599-d50a-4b50-9a78-e195df418af8,TableTennis,Cherevko Roman vs Pysmennyi Yevhen,Setka Cup Men,2026-08-28T22:55:00Z,92,235,235,True,False,,,,,,
791d049d-95b5-4794-b10c-248ed46f1b25,TableTennis,Vlasenko Valerii vs Mitla Oleksii,Setka Cup Men,2026-08-28T23:00:00Z,86,194,194,True,False,,,,,,
3e92b0d3-91ae-4018-9ec5-b2db7146febe,TableTennis,Lobas Valentyn vs Derevynskyi Dmytro,Setka Cup Men,2026-08-28T23:05:00Z,90,226,226,True,False,,,,,,
411f4f68-f066-4ac2-b4c5-4b123635d3ea,TableTennis,Turcan Victor vs Dirul Vitalie,Setka Cup Men,2026-08-28T23:05:00Z,118,305,305,True,False,,,,,,
cfce2eb2-5187-4d25-9ee5-226ec04e5df9,TableTennis,Fashchevskyi Ivan vs Moshovskyi Vasyl,Setka Cup Men,2026-08-28T23:15:00Z,114,294,294,True,False,,,,,,
676bf71f-d7b6-44cc-9b0f-ace81d647674,TableTennis,Tuzhylin Oleksandr vs Masko Yevhen,Setka Cup Men,2026-08-28T23:25:00Z,93,229,229,True,False,,,,,,
8a43e019-57ff-4492-86b2-805a67794db8,TableTennis,Shypilov Anton vs Smyrnov Mykyta,Setka Cup Men,2026-08-28T23:30:00Z,76,190,190,True,False,,,,,,
9784233c-8e07-4135-aa17-25399c1a2fe1,TableTennis,Hrynenko Kostiantyn vs Panasenko Volodymyr,Setka Cup Men,2026-08-28T23:35:00Z,112,273,273,True,False,,,,,,
a36c24c6-3e54-4967-bdc4-2941f14d1b24,TableTennis,Iasciuc Victor vs Ungurean Maxim,Setka Cup Men,2026-08-28T23:35:00Z,62,155,155,True,False,,,,,,
cab8ea96-5b77-42ae-906d-d5fba4412e60,TableTennis,Tebenko Yaroslav vs Storozhenko Oleksandr,Setka Cup Men,2026-08-28T23:45:00Z,73,164,164,True,False,,,,,,
75319d02-3b69-49b7-acbd-a6b01772bed5,TableTennis,Reznychenko Roman vs Melnyk Valerii,Setka Cup Men,2026-08-28T23:55:00Z,67,167,167,True,False,,,,,,
74fc18d0-ba1b-4ab4-8bde-8ca56b379605,TableTennis,Filip Mihail vs Ghimp Fiodor,Setka Cup Men,2026-08-29T00:00:00Z,109,279,279,True,False,,,,,,
88247016-40e6-4434-bf29-f129e27cf1fe,TableTennis,Hura Orest vs Kotik Andrii,Setka Cup Men,2026-08-29T00:00:00Z,119,295,295,True,False,,,,,,
a3f6131e-9aab-4889-a67e-08a3da06c05c,TableTennis,Krol Yan vs Lobas Valentyn,Setka Cup Men,2026-08-29T00:05:00Z,121,304,304,True,False,,,,,,
8d73e2c2-6b04-41af-ba95-2a8a237490f4,TableTennis,Budnikov Oleksandr vs Maltsev Denys,Setka Cup Men,2026-08-29T00:15:00Z,84,200,200,True,False,,,,,,
29c4d02b-7eb6-4d11-9665-7e8995d244ea,TableTennis,Cherevko Roman vs Tuzhylin Oleksandr,Setka Cup Men,2026-08-29T00:25:00Z,73,188,188,True,False,,,,,,
555dda5c-fbe7-431d-824e-f0c3db614bda,TableTennis,Gribcov Dmitri vs Butnaru Dumitru,Setka Cup Men,2026-08-29T00:30:00Z,115,317,317,True,False,,,,,,
e56b9844-e7e6-4617-a551-998eca9c84e9,TableTennis,Vlasenko Valerii vs Shypilov Anton,Setka Cup Men,2026-08-29T00:30:00Z,98,259,259,True,False,,,,,,
fd8ee118-8370-4250-bb86-4600f1ca8b6c,TableTennis,Panasenko Volodymyr vs Gomilko Oleksandr,Setka Cup Men,2026-08-29T00:35:00Z,143,374,374,True,False,,,,,,
82ea8d64-a1d3-4488-a0fe-e521ba8e5ba2,TableTennis,Fashchevskyi Ivan vs Tebenko Yaroslav,Setka Cup Men,2026-08-29T00:45:00Z,124,293,293,True,False,,,,,,
ab8b9149-f103-4dae-9490-95bb03c45cdc,TableTennis,Melnyk Valerii vs Pysmennyi Yevhen,Setka Cup Men,2026-08-29T00:55:00Z,140,342,342,True,False,,,,,,
0f47c736-edaf-42ee-8524-d75e5c55858b,TableTennis,Filip Mihail vs Butnaru Dumitru,Setka Cup Men,2026-08-29T01:00:00Z,112,281,281,True,False,,,,,,
ba1d64ce-7747-4547-b849-c7b9b3ba5486,TableTennis,Hura Orest vs Mitla Oleksii,Setka Cup Men,2026-08-29T01:00:00Z,94,226,226,True,False,,,,,,
51a1c015-a23c-4db0-aab5-bfe29fea78c1,TableTennis,Hrynenko Kostiantyn vs Derevynskyi Dmytro,Setka Cup Men,2026-08-29T01:05:00Z,114,282,282,True,False,,,,,,
90d9deb7-8c7d-4b2a-b154-3f17070fb509,TableTennis,Budnikov Oleksandr vs Moshovskyi Vasyl,Setka Cup Men,2026-08-29T01:15:00Z,64,165,165,True,False,,,,,,
1accc2b5-9dc4-4c32-b62a-70e2ca1fe6c0,TableTennis,Reznychenko Roman vs Masko Yevhen,Setka Cup Men,2026-08-29T01:25:00Z,75,185,185,True,False,,,,,,
2168d6b3-f3e6-416c-afe5-f9209360acaa,TableTennis,Gribcov Dmitri vs Ghimp Fiodor,Setka Cup Men,2026-08-29T01:30:00Z,113,306,306,True,False,,,,,,
df842060-cc07-4185-98ac-f10876ce04c2,TableTennis,Smyrnov Mykyta vs Kotik Andrii,Setka Cup Men,2026-08-29T01:30:00Z,113,282,282,True,False,,,,,,
abbeb532-aff1-4f8e-a793-114c1ca65470,TableTennis,Krol Yan vs Panasenko Volodymyr,Setka Cup Men,2026-08-29T01:35:00Z,67,161,161,True,False,,,,,,
88893d8b-25fd-455e-9a6d-cba15a6dd5d4,TableTennis,Storozhenko Oleksandr vs Maltsev Denys,Setka Cup Men,2026-08-29T01:45:00Z,103,223,223,True,False,,,,,,
4704b51d-2502-4e6f-a610-0081a08621e1,TableTennis,Cherevko Roman vs Melnyk Valerii,Setka Cup Men,2026-08-29T01:55:00Z,124,330,330,True,False,,,,,,
7c1d8ef8-38d4-41c7-bb60-255295fe8503,TableTennis,Filip Mihail vs Gribcov Dmitri,Setka Cup Men,2026-08-29T02:00:00Z,92,239,239,True,False,,,,,,
c837dcac-e66b-4e86-a686-68f8194e6b69,TableTennis,Vlasenko Valerii vs Hura Orest,Setka Cup Men,2026-08-29T02:00:00Z,88,232,232,True,False,,,,,,
1336e429-a4a1-4b23-b960-84c00f30187f,TableTennis,Hrynenko Kostiantyn vs Lobas Valentyn,Setka Cup Men,2026-08-29T02:05:00Z,88,202,202,True,False,,,,,,
96e851db-f6e3-4eac-ba86-c5092b9db53c,TableTennis,Fashchevskyi Ivan vs Budnikov Oleksandr,Setka Cup Men,2026-08-29T02:15:00Z,119,291,291,True,False,,,,,,
703bfa2f-8427-4e2d-800e-8d0edb979e32,TableTennis,Reznychenko Roman vs Tuzhylin Oleksandr,Setka Cup Men,2026-08-29T02:25:00Z,92,238,238,True,False,,,,,,
93e5125e-60b0-45f1-9bab-4822143b178e,TableTennis,Butnaru Dumitru vs Ghimp Fiodor,Setka Cup Men,2026-08-29T02:30:00Z,108,291,291,True,False,,,,,,
80428fb2-5416-4d78-b660-a5d1bc10d34f,TableTennis,Shypilov Anton vs Kotik Andrii,Setka Cup Men,2026-08-29T02:30:00Z,70,174,174,True,False,,,,,,
a23c623b-d5f7-4cb5-8635-20cbbb8fb265,TableTennis,Gomilko Oleksandr vs Derevynskyi Dmytro,Setka Cup Men,2026-08-29T02:35:00Z,83,214,214,True,False,,,,,,
340caa66-2986-4624-98aa-26f6f868f5a8,TableTennis,Tebenko Yaroslav vs Maltsev Denys,Setka Cup Men,2026-08-29T02:45:00Z,96,222,222,True,False,,,,,,
c53d2a0a-547b-480e-a7bd-0cc9b83f28a0,TableTennis,Pysmennyi Yevhen vs Masko Yevhen,Setka Cup Men,2026-08-29T02:55:00Z,83,191,191,True,False,,,,,,
f088fe55-efbe-4c26-82d5-27c858cebb51,TableTennis,Mitla Oleksii vs Smyrnov Mykyta,Setka Cup Men,2026-08-29T03:00:00Z,123,318,318,True,False,,,,,,
f7c182f6-782a-4638-855e-c4ae4cefde09,TableTennis,Krol Yan vs Hrynenko Kostiantyn,Setka Cup Men,2026-08-29T03:05:00Z,117,291,291,True,False,,,,,,
326c7310-0b93-45ba-bc97-fec14ebc82af,TableTennis,Gribcov Dmitri vs Filip Mihail,Setka Cup Men,2026-08-29T03:10:00Z,68,176,176,True,False,,,,,,
5317e52b-1f98-4ce1-b3d1-9e02bb43ceec,TableTennis,Moshovskyi Vasyl vs Storozhenko Oleksandr,Setka Cup Men,2026-08-29T03:15:00Z,89,232,232,True,False,,,,,,
9c644dca-2115-4b5b-9e9a-3c4712317327,TableTennis,Cherevko Roman vs Reznychenko Roman,Setka Cup Men,2026-08-29T03:25:00Z,123,303,303,True,False,,,,,,
32e0ffab-904b-4e0e-9c5e-6ae7fa197ed8,TableTennis,Panasenko Volodymyr vs Derevynskyi Dmytro,Setka Cup Men,2026-08-29T03:35:00Z,69,167,167,True,False,,,,,,
8a250ca2-8b25-4f8c-bb64-afb84f50cc57,TableTennis,Ghimp Fiodor vs Butnaru Dumitru,Setka Cup Men,2026-08-29T03:40:00Z,120,316,316,True,False,,,,,,
c217c21b-ae20-4b8f-981a-a19b92e9d97a,TableTennis,Melnyk Valerii vs Masko Yevhen,Setka Cup Men,2026-08-29T03:55:00Z,69,173,173,True,False,,,,,,
76db10ae-b8d3-462f-977e-eeb2dbad73d2,TableTennis,Lobas Valentyn vs Gomilko Oleksandr,Setka Cup Men,2026-08-29T04:05:00Z,121,309,309,True,False,,,,,,
5be9da64-4558-473d-9a80-9b8d856b64fc,TableTennis,Tuzhylin Oleksandr vs Pysmennyi Yevhen,Setka Cup Men,2026-08-29T04:25:00Z,99,262,262,True,False,,,,,,
c0e492e8-6792-4651-b74f-555d013e25e2,TableTennis,Kuzmych Volodymyr vs Slozka Mykola,Setka Cup Men,2026-08-29T04:25:00Z,117,304,304,True,False,,,,,,
6561d2a9-a81c-423a-865e-b9a6a51ca12a,TableTennis,Kunchurov Dmytro vs Vernudin Kyryl,Setka Cup Men,2026-08-29T04:30:00Z,103,265,265,True,False,,,,,,
3c0e662f-d53f-490b-9cc6-97acaaa55320,TableTennis,Boklah Roman vs Torhachov Ihor,Setka Cup Men,2026-08-29T04:30:00Z,105,294,294,True,False,,,,,,
e8df4aa3-8328-4c0d-9d46-3f3ba5ee2d21,TableTennis,Plishylo Volodymyr vs Kovalchuk Nazarii,Setka Cup Men,2026-08-29T04:35:00Z,96,236,236,True,False,,,,,,
7cd59db3-4259-4b61-be88-ca3813fe5bd4,TableTennis,Dobrovolskyi Volodymyr vs Hrybeniuk Volodymyr,Setka Cup Men,2026-08-29T04:55:00Z,65,164,164,True,False,,,,,,
02264c07-862b-4101-a14a-c68f52e3a619,TableTennis,Mykhalchenko Volodymyr vs Tkalich Maksym,Setka Cup Men,2026-08-29T05:00:00Z,107,269,269,True,False,,,,,,
39876dd2-e3c5-43d3-b5c0-012d9f6035fd,TableTennis,Fastov Andrii vs Priadko Serhii,Setka Cup Men,2026-08-29T05:00:00Z,114,310,310,True,False,,,,,,
461d50be-9d0b-4ae6-a9a9-19ea834adb60,TableTennis,Komar Vadym vs Kryshtal Dmytro,Setka Cup Men,2026-08-29T05:00:00Z,78,211,211,True,False,,,,,,
c7915ea9-46dc-4ce8-97fa-eef4a3d0023c,TableTennis,Volkov Yurii vs Kovshun Yaroslav,Setka Cup Men,2026-08-29T05:05:00Z,87,244,244,True,False,,,,,,
7b1c57d8-ed07-4c6c-8aea-7fed5b8e585d,TableTennis,Kravets Yaroslav vs Haiseniuk Ruslan,Setka Cup Men,2026-08-29T05:05:00Z,71,182,182,True,False,,,,,,
02a4ef18-2528-4051-9461-75990fb3d512,TableTennis,Taranko Mikhail vs Bertho Tadeas,Setka Cup Men,2026-08-29T05:15:00Z,115,331,331,True,False,,,,,,
a0b5726a-0a28-452f-bb99-047f4cd30efb,TableTennis,Kvak Ihor vs Pytsko Ivan,Setka Cup Men,2026-08-29T05:25:00Z,68,155,155,True,False,,,,,,
f1295b2d-758d-4172-878a-b62ce718ddaf,TableTennis,Mykhailenko Mykhailo vs Kuzko Stanislav,Setka Cup Men,2026-08-29T05:30:00Z,104,267,267,True,False,,,,,,
4c78d1a7-e928-4e66-8892-9b1baeedc83b,TableTennis,Brichacek David vs Merkl Roman,Setka Cup Men,2026-08-29T05:30:00Z,109,226,226,True,False,,,,,,
ddd3a100-c83d-4541-b539-83558b8fa1e3,TableTennis,Serdiuk Ihor vs Kolos Oleksandr,Setka Cup Men,2026-08-29T05:30:00Z,71,164,164,True,False,,,,,,
92871e81-4da2-4c68-9800-f9c96310ff33,TableTennis,Horokh Roman vs Ponomarenko Serhii,Setka Cup Men,2026-08-29T05:30:00Z,61,152,152,True,False,,,,,,
a5139680-d955-462a-ab88-6e47b600aa51,TableTennis,Kotiash Andrii vs Melchenko Andrii,Setka Cup Men,2026-08-29T05:35:00Z,86,241,241,True,False,,,,,,
57006c54-c419-4783-8122-38d59e391d64,TableTennis,Napirko Oleh vs Lazebnyi Ruslan,Setka Cup Men,2026-08-29T05:35:00Z,68,188,188,True,False,,,,,,
4ff6013c-eb83-4cac-a071-795630e9f69d,TableTennis,Hendrych Ladislav vs Kubos Filip,Setka Cup Men,2026-08-29T05:45:00Z,87,229,229,True,False,,,,,,
502f2572-0c1a-4365-a653-173d144972c8,TableTennis,Mukhin Vitalii vs Ponomarenko Oleh,Setka Cup Men,2026-08-29T05:50:00Z,113,270,270,True,False,,,,,,
222253d2-461e-48a0-b999-a794864abeb2,TableTennis,Kuzmych Volodymyr vs Hrybeniuk Volodymyr,Setka Cup Men,2026-08-29T05:55:00Z,85,208,208,True,False,,,,,,
88cac24e-dc58-4149-9683-83df4227e68c,TableTennis,Boklah Roman vs Priadko Serhii,Setka Cup Men,2026-08-29T06:00:00Z,92,190,190,True,False,,,,,,
3c9ffdb8-2f30-465a-887c-33f5562ab9a6,TableTennis,Kunchurov Dmytro vs Tkalich Maksym,Setka Cup Men,2026-08-29T06:00:00Z,113,281,281,True,False,,,,,,
df23c593-0965-46ae-b5be-38593c8bfa41,TableTennis,Hybl Tomas vs Skyba Martin,Setka Cup Men,2026-08-29T06:00:00Z,87,165,165,True,False,,,,,,
45cb18c4-cd15-46c4-b866-7352ddd89dc5,TableTennis,Balabei Serhii vs Kryshtal Dmytro,Setka Cup Men,2026-08-29T06:00:00Z,85,225,225,True,False,,,,,,
bd4f43e5-15e7-4f74-821c-732b5aa3d514,TableTennis,Troian Andrii vs Efimenko Ivan,Setka Cup Men,2026-08-29T06:05:00Z,72,173,173,True,False,,,,,,
7044ab58-bb34-4fb9-aeca-d42bcf70d368,TableTennis,Plishylo Volodymyr vs Haiseniuk Ruslan,Setka Cup Men,2026-08-29T06:05:00Z,69,169,169,True,False,,,,,,
60cb79e1-7a3c-4d4b-b6a9-12a65a71bcdb,TableTennis,Taranko Mikhail vs Kubos Filip,Setka Cup Men,2026-08-29T06:15:00Z,106,263,263,True,False,,,,,,
2d8bdd2b-074a-4441-a989-ff0bfd6623cf,TableTennis,Stukalov Vladyslav vs Khavanskyi Denys,Setka Cup Men,2026-08-29T06:20:00Z,110,235,235,True,False,,,,,,
26d2c7cb-7939-41e7-bbf6-ddb3eeb2fe40,TableTennis,Pytsko Ivan vs Slozka Mykola,Setka Cup Men,2026-08-29T06:25:00Z,124,323,323,True,False,,,,,,
3efc18a9-d4bf-47b7-a9fa-19d0a73a7b82,TableTennis,Kuzko Stanislav vs Vernudin Kyryl,Setka Cup Men,2026-08-29T06:30:00Z,114,294,294,True,False,,,,,,
bc2d8cd2-ed1d-410a-a4f9-776d75f724cd,TableTennis,Komar Vadym vs Horokh Roman,Setka Cup Men,2026-08-29T06:30:00Z,98,259,259,True,False,,,,,,
7ac2c606-9a23-4b26-ae99-59eb5d49e3f1,TableTennis,Brichacek David vs Skyba Martin,Setka Cup Men,2026-08-29T06:30:00Z,87,174,174,True,False,,,,,,
6f36be56-7534-4b63-80c2-f98ba2a1cd16,TableTennis,Kolos Oleksandr vs Torhachov Ihor,Setka Cup Men,2026-08-29T06:30:00Z,111,301,301,True,False,,,,,,
d3f3c2ce-6ec2-4454-b03f-a751335229d1,TableTennis,Volkov Yurii vs Melchenko Andrii,Setka Cup Men,2026-08-29T06:35:00Z,88,238,238,True,False,,,,,,
b10b02fa-95f4-43c4-9705-9310c19742fd,TableTennis,Lazebnyi Ruslan vs Kovalchuk Nazarii,Setka Cup Men,2026-08-29T06:35:00Z,98,235,235,True,False,,,,,,
4f9db37f-1d8d-4d35-95c0-42c449275d60,TableTennis,Hendrych Ladislav vs Bertho Tadeas,Setka Cup Men,2026-08-29T06:45:00Z,60,170,170,True,False,,,,,,
9de6b165-b1c2-405d-8411-5640a6f5c853,TableTennis,Stopin Oleh vs Semenets Serhii,Setka Cup Men,2026-08-29T06:50:00Z,99,217,217,True,False,,,,,,
f2c441e0-3c5e-4d56-98de-3e002b8cae56,TableTennis,Dobrovolskyi Volodymyr vs Kvak Ihor,Setka Cup Men,2026-08-29T06:55:00Z,74,173,173,True,False,,,,,,
b23c4771-d6e7-41e8-b60e-afa9e61e6242,TableTennis,Mykhalchenko Volodymyr vs Mykhailenko Mykhailo,Setka Cup Men,2026-08-29T07:00:00Z,61,170,170,True,False,,,,,,
9f98f8c7-ea2b-4490-9f05-358a33ca9b3e,TableTennis,Balabei Serhii vs Ponomarenko Serhii,Setka Cup Men,2026-08-29T07:00:00Z,71,178,178,False,False,,,,,,no_settlement_seen
5cb85361-4242-471f-bd1b-bbc2f77cc549,TableTennis,Fastov Andrii vs Serdiuk Ihor,Setka Cup Men,2026-08-29T07:00:00Z,65,156,156,False,False,,,,,,no_settlement_seen
f2673b87-85e4-4676-b37d-e393595ab587,TableTennis,Hybl Tomas vs Merkl Roman,Setka Cup Men,2026-08-29T07:00:00Z,88,174,174,False,False,,,,,,no_settlement_seen
6649bf54-e05b-4ada-9de0-f96badcc412e,TableTennis,Kravets Yaroslav vs Napirko Oleh,Setka Cup Men,2026-08-29T07:05:00Z,56,102,102,False,False,,,,,,no_settlement_seen
16921043-ce4e-4381-9c5c-101d68073de3,TableTennis,Efimenko Ivan vs Kovshun Yaroslav,Setka Cup Men,2026-08-29T07:05:00Z,42,115,115,False,False,,,,,,no_settlement_seen
fbcd8cb3-36ef-4815-b9cb-996db1d0fed8,TableTennis,Taranko Mikhail vs Hendrych Ladislav,Setka Cup Men,2026-08-29T07:15:00Z,1,0,0,False,False,,,,,,no_settlement_seen;thin_trading(<5 updates)
2910ad51-5829-485b-8bd4-af82e169c40e,TableTennis,Mukhin Vitalii vs Khavanskyi Denys,Setka Cup Men,2026-08-29T07:20:00Z,3,0,0,False,False,,,,,,no_settlement_seen;thin_trading(<5 updates)
2ed76e7a-a530-4738-bc0e-f49970605967,TableTennis,Kuzmych Volodymyr vs Pytsko Ivan,Setka Cup Men,2026-08-29T07:25:00Z,4,0,0,False,False,,,,,,no_settlement_seen;thin_trading(<5 updates)
28d4c949-edfa-47ac-b778-8120adab08ce,TableTennis,Brichacek David vs Hybl Tomas,Setka Cup Men,2026-08-29T07:30:00Z,1,0,0,False,False,,,,,,no_settlement_seen;thin_trading(<5 updates)
a5a825f5-b73e-471d-b1d8-738c6c53a0aa,TableTennis,Kunchurov Dmytro vs Kuzko Stanislav,Setka Cup Men,2026-08-29T07:30:00Z,1,0,0,False,False,,,,,,no_settlement_seen;thin_trading(<5 updates)
0e664b51-bb0a-4085-a0c7-e4e356fac431,TableTennis,Horokh Roman vs Kryshtal Dmytro,Setka Cup Men,2026-08-29T07:30:00Z,1,0,0,False,False,,,,,,no_settlement_seen;thin_trading(<5 updates)
e8f155cd-e0a4-4c6c-adf0-7b6532c4b969,TableTennis,Boklah Roman vs Kolos Oleksandr,Setka Cup Men,2026-08-29T07:30:00Z,1,0,0,False,False,,,,,,no_settlement_seen;thin_trading(<5 updates)
5f05da2b-f75f-40c5-9b9f-e0c407739c36,TableTennis,Kotiash Andrii vs Troian Andrii,Setka Cup Men,2026-08-29T07:35:00Z,1,0,0,False,False,,,,,,no_settlement_seen;thin_trading(<5 updates)
99bb611a-fe3d-41a9-9dcd-264c499958e3,TableTennis,Plishylo Volodymyr vs Lazebnyi Ruslan,Setka Cup Men,2026-08-29T07:35:00Z,7,0,0,False,False,,,,,,no_settlement_seen
eb160012-df8e-471d-8ead-3f1d04d4e3a3,TableTennis,Kubos Filip vs Bertho Tadeas,Setka Cup Men,2026-08-29T07:45:00Z,1,0,0,False,False,,,,,,no_settlement_seen;thin_trading(<5 updates)
50ed3392-a443-4ba8-abf2-b5559ccaf16f,TableTennis,Semenets Serhii vs Ponomarenko Oleh,Setka Cup Men,2026-08-29T07:50:00Z,4,0,0,False,False,,,,,,no_settlement_seen;thin_trading(<5 updates)
cfaf3905-9b43-4120-acb0-129b50fa02b5,TableTennis,Kvak Ihor vs Hrybeniuk Volodymyr,Setka Cup Men,2026-08-29T07:55:00Z,3,0,0,False,False,,,,,,no_settlement_seen;thin_trading(<5 updates)
e498d3a5-a6b8-4f64-bd2d-73697f7bcd95,TableTennis,Mykhailenko Mykhailo vs Tkalich Maksym,Setka Cup Men,2026-08-29T08:00:00Z,1,0,0,False,False,,,,,,no_settlement_seen;thin_trading(<5 updates)
828c3af5-272c-44a2-8bcf-d7704d9f6a91,TableTennis,Serdiuk Ihor vs Priadko Serhii,Setka Cup Men,2026-08-29T08:00:00Z,1,0,0,False,False,,,,,,no_settlement_seen;thin_trading(<5 updates)
ede3da3b-e7fb-4514-9308-22106aae7c89,TableTennis,Komar Vadym vs Ponomarenko Serhii,Setka Cup Men,2026-08-29T08:00:00Z,1,0,0,False,False,,,,,,no_settlement_seen;thin_trading(<5 updates)
2edd84cb-78df-4ee1-9f93-364ea5301641,TableTennis,Napirko Oleh vs Haiseniuk Ruslan,Setka Cup Men,2026-08-29T08:05:00Z,7,0,0,False,False,,,,,,no_settlement_seen
1bb6f07a-cc77-4817-b9b5-1a86f86392d5,TableTennis,Stukalov Vladyslav vs Stopin Oleh,Setka Cup Men,2026-08-29T08:20:00Z,4,0,0,False,False,,,,,,no_settlement_seen;thin_trading(<5 updates)
b19eb9ef-3291-4383-b808-dacc9e2f3996,TableTennis,Dobrovolskyi Volodymyr vs Slozka Mykola,Setka Cup Men,2026-08-29T08:25:00Z,3,0,0,False,False,,,,,,no_settlement_seen;thin_trading(<5 updates)
acc7e324-b3ec-4562-b4a5-03e77a1ac06a,TableTennis,Mykhalchenko Volodymyr vs Vernudin Kyryl,Setka Cup Men,2026-08-29T08:30:00Z,1,0,0,False,False,,,,,,no_settlement_seen;thin_trading(<5 updates)
8d104600-3aa0-4d5b-9140-283a79f01c92,TableTennis,Fastov Andrii vs Torhachov Ihor,Setka Cup Men,2026-08-29T08:30:00Z,1,0,0,False,False,,,,,,no_settlement_seen;thin_trading(<5 updates)
cb13e760-3058-4b22-9ee9-e2219753aa59,TableTennis,Balabei Serhii vs Horokh Roman,Setka Cup Men,2026-08-29T08:30:00Z,1,0,0,False,False,,,,,,no_settlement_seen;thin_trading(<5 updates)
312bc636-8e20-4a68-913d-c5d82e9fbf7e,TableTennis,Troian Andrii vs Melchenko Andrii,Setka Cup Men,2026-08-29T08:35:00Z,4,0,0,False,False,,,,,,no_settlement_seen;thin_trading(<5 updates)
999a2619-f5c5-4c5e-9912-ffd19dcf860d,TableTennis,Kravets Yaroslav vs Kovalchuk Nazarii,Setka Cup Men,2026-08-29T08:35:00Z,3,0,0,False,False,,,,,,no_settlement_seen;thin_trading(<5 updates)
e878709b-3d81-4389-8aff-424e37d41aa5,TableTennis,Mukhin Vitalii vs Semenets Serhii,Setka Cup Men,2026-08-29T08:50:00Z,1,0,0,False,False,,,,,,no_settlement_seen;thin_trading(<5 updates)
d656eff0-5d54-4817-9437-9d4f44976493,TableTennis,Ponomarenko Serhii vs Kryshtal Dmytro,Setka Cup Men,2026-08-29T09:00:00Z,1,0,0,False,False,,,,,,no_settlement_seen;thin_trading(<5 updates)
28942fef-8963-47bb-8dac-95a7d424d529,TableTennis,Boklah Roman vs Serdiuk Ihor,Setka Cup Men,2026-08-29T09:00:00Z,1,0,0,False,False,,,,,,no_settlement_seen;thin_trading(<5 updates)
8b605d20-d37f-41cd-b09b-5b56e7a63f13,TableTennis,Plishylo Volodymyr vs Napirko Oleh,Setka Cup Men,2026-08-29T09:05:00Z,1,0,0,False,False,,,,,,no_settlement_seen;thin_trading(<5 updates)
7645f8e2-7c32-4ddc-9882-25c062c81edf,TableTennis,Kotiash Andrii vs Kovshun Yaroslav,Setka Cup Men,2026-08-29T09:05:00Z,3,0,0,False,False,,,,,,no_settlement_seen;thin_trading(<5 updates)
6e801edc-f15a-4d21-948e-87f9d0418075,TableTennis,Gasparovic David vs Pisa Radovan,Setka Cup Men,2026-08-29T09:15:00Z,1,0,0,False,False,,,,,,no_settlement_seen;thin_trading(<5 updates)
db727153-b44b-4b0a-b5a5-0b3286e8c05f,TableTennis,Stopin Oleh vs Khavanskyi Denys,Setka Cup Men,2026-08-29T09:20:00Z,1,0,0,False,False,,,,,,no_settlement_seen;thin_trading(<5 updates)
349678ef-e0eb-4ad9-bd4b-9d40ae9ef8d7,TableTennis,Dobrovolskyi Volodymyr vs Pytsko Ivan,Setka Cup Men,2026-08-29T09:25:00Z,4,0,0,False,False,,,,,,no_settlement_seen;thin_trading(<5 updates)
ab8fd39e-53fe-4f12-9f95-1a324e9c4754,TableTennis,Mykhalchenko Volodymyr vs Kuzko Stanislav,Setka Cup Men,2026-08-29T09:30:00Z,1,0,0,False,False,,,,,,no_settlement_seen;thin_trading(<5 updates)
1fe28af0-e5c2-4336-b7ff-8cfeea99b003,TableTennis,Fastov Andrii vs Kolos Oleksandr,Setka Cup Men,2026-08-29T09:30:00Z,1,0,0,False,False,,,,,,no_settlement_seen;thin_trading(<5 updates)
4fc897eb-74e7-4205-828e-4bb56726c3e6,TableTennis,Liska Tomas vs Makara Michal,Setka Cup Men,2026-08-29T09:30:00Z,1,0,0,False,False,,,,,,no_settlement_seen;thin_trading(<5 updates)
4d205d1c-5773-4a93-9673-11308b841790,TableTennis,Balabei Serhii vs Komar Vadym,Setka Cup Men,2026-08-29T09:30:00Z,1,0,0,False,False,,,,,,no_settlement_seen;thin_trading(<5 updates)
f274a0c3-63d5-4899-9bef-c75c8308702e,TableTennis,Kravets Yaroslav vs Lazebnyi Ruslan,Setka Cup Men,2026-08-29T09:35:00Z,5,0,0,False,False,,,,,,no_settlement_seen
07a52cee-7d4f-4116-ab98-439e62c1eded,TableTennis,Volkov Yurii vs Troian Andrii,Setka Cup Men,2026-08-29T09:35:00Z,5,0,0,False,False,,,,,,no_settlement_seen
89c67bb5-f931-42e2-8600-32cd34021ff5,TableTennis,Heinzl Lukas vs Burylov Volodymyr,Setka Cup Men,2026-08-29T09:45:00Z,1,0,0,False,False,,,,,,no_settlement_seen;thin_trading(<5 updates)
77265acd-88ba-4d5a-b738-fdbe19b0e731,TableTennis,Stukalov Vladyslav vs Ponomarenko Oleh,Setka Cup Men,2026-08-29T09:50:00Z,1,0,0,False,False,,,,,,no_settlement_seen;thin_trading(<5 updates)
866b32b1-6c6a-495e-93c6-4ec1e2173f38,TableTennis,Hrybeniuk Volodymyr vs Slozka Mykola,Setka Cup Men,2026-08-29T09:55:00Z,1,0,0,False,False,,,,,,no_settlement_seen;thin_trading(<5 updates)
8e461431-5c88-46f8-98b5-d5a503515928,TableTennis,Dolezal Josef vs Rulc Lukas,Setka Cup Men,2026-08-29T10:00:00Z,1,0,0,False,False,,,,,,no_settlement_seen;thin_trading(<5 updates)
b027550c-2121-4dc8-a7d1-bc1dff82c658,TableTennis,Tkalich Maksym vs Vernudin Kyryl,Setka Cup Men,2026-08-29T10:00:00Z,1,0,0,False,False,,,,,,no_settlement_seen;thin_trading(<5 updates)
59af0967-fbcc-46af-a49b-8fc15296a011,TableTennis,Priadko Serhii vs Torhachov Ihor,Setka Cup Men,2026-08-29T10:00:00Z,1,0,0,False,False,,,,,,no_settlement_seen;thin_trading(<5 updates)
6bd4f551-8ebf-4f35-90fa-0eac1f31024d,TableTennis,Haiseniuk Ruslan vs Kovalchuk Nazarii,Setka Cup Men,2026-08-29T10:05:00Z,1,0,0,False,False,,,,,,no_settlement_seen;thin_trading(<5 updates)
ba740744-98e6-454d-8383-e41dc4f60173,TableTennis,Gasparovic David vs Burylov Volodymyr,Setka Cup Men,2026-08-29T10:15:00Z,1,0,0,False,False,,,,,,no_settlement_seen;thin_trading(<5 updates)
8a488a0b-8310-4122-9a8c-72feb3ac84c1,TableTennis,Mukhin Vitalii vs Stopin Oleh,Setka Cup Men,2026-08-29T10:20:00Z,1,0,0,False,False,,,,,,no_settlement_seen;thin_trading(<5 updates)
0ff4e638-2f3f-4096-b48c-a270e44c1db3,TableTennis,Kunchurov Dmytro vs Mykhalchenko Volodymyr,Setka Cup Men,2026-08-29T10:30:00Z,1,0,0,False,False,,,,,,no_settlement_seen;thin_trading(<5 updates)
5dd0694f-5a0a-48b1-9a95-06b59e2a37e4,TableTennis,Liska Tomas vs Rulc Lukas,Setka Cup Men,2026-08-29T10:30:00Z,1,0,0,False,False,,,,,,no_settlement_seen;thin_trading(<5 updates)
2618a13e-dcce-42bf-ad17-9477cd9b01e6,TableTennis,Plishylo Volodymyr vs Kravets Yaroslav,Setka Cup Men,2026-08-29T10:35:00Z,2,0,0,False,False,,,,,,no_settlement_seen;thin_trading(<5 updates)
4aaab16f-115a-438f-89aa-16893f177e6c,TableTennis,Merzlikin Valerii vs Zhyrnov Oleksandr,Setka Cup Men,2026-08-29T10:40:00Z,6,0,0,False,False,,,,,,no_settlement_seen
ccc62db7-a5b9-4b63-9976-591671288ea4,TableTennis,Heinzl Lukas vs Pisa Radovan,Setka Cup Men,2026-08-29T10:45:00Z,1,0,0,False,False,,,,,,no_settlement_seen;thin_trading(<5 updates)
b5b611a0-57ce-4c33-8412-526a8a3e5547,TableTennis,Stukalov Vladyslav vs Semenets Serhii,Setka Cup Men,2026-08-29T10:50:00Z,1,0,0,False,False,,,,,,no_settlement_seen;thin_trading(<5 updates)
ca82fd7f-db14-4b3a-89de-62739a4141c8,TableTennis,Kvak Ihor vs Slozka Mykola,Setka Cup Men,2026-08-29T10:55:00Z,3,0,0,False,False,,,,,,no_settlement_seen;thin_trading(<5 updates)
d336e1f9-58ed-41ef-8658-ad13506dfbf2,TableTennis,Dolezal Josef vs Makara Michal,Setka Cup Men,2026-08-29T11:00:00Z,1,0,0,False,False,,,,,,no_settlement_seen;thin_trading(<5 updates)
aa95634c-0817-45f9-8094-b8d0df151a60,TableTennis,Mykhailenko Mykhailo vs Vernudin Kyryl,Setka Cup Men,2026-08-29T11:00:00Z,3,0,0,False,False,,,,,,no_settlement_seen;thin_trading(<5 updates)
7f4c4e94-1730-4001-b4e0-c816fe6609c6,TableTennis,Serdiuk Ihor vs Torhachov Ihor,Setka Cup Men,2026-08-29T11:00:00Z,1,0,0,False,False,,,,,,no_settlement_seen;thin_trading(<5 updates)
c18e5fb3-8194-46a2-a33d-3bcebf129bd5,TableTennis,Volkov Yurii vs Kotiash Andrii,Setka Cup Men,2026-08-29T11:05:00Z,3,0,0,False,False,,,,,,no_settlement_seen;thin_trading(<5 updates)
cf1a15fc-b540-48e3-b54d-16c839a4d408,TableTennis,Napirko Oleh vs Kovalchuk Nazarii,Setka Cup Men,2026-08-29T11:05:00Z,5,0,0,False,False,,,,,,no_settlement_seen
1c749db6-a4c3-4b87-8ba1-38927173033f,TableTennis,Droshchynskyi Andrii vs Makovka Yaroslav,Setka Cup Men,2026-08-29T11:10:00Z,1,0,0,False,False,,,,,,no_settlement_seen;thin_trading(<5 updates)
2e9c5652-987d-4eba-83bb-1ecaa1c0eb17,TableTennis,Gasparovic David vs Heinzl Lukas,Setka Cup Men,2026-08-29T11:15:00Z,2,0,0,False,False,,,,,,no_settlement_seen;thin_trading(<5 updates)
0d8b4565-2ea1-45c4-ac24-8717f31d7175,TableTennis,Khavanskyi Denys vs Ponomarenko Oleh,Setka Cup Men,2026-08-29T11:20:00Z,3,0,0,False,False,,,,,,no_settlement_seen;thin_trading(<5 updates)
19ba70f3-0a25-4a9e-a798-3ccd6b1fe017,TableTennis,Pytsko Ivan vs Hrybeniuk Volodymyr,Setka Cup Men,2026-08-29T11:25:00Z,1,0,0,False,False,,,,,,no_settlement_seen;thin_trading(<5 updates)
8afc3ff5-be8e-4ce8-a0ed-04305f9613ee,TableTennis,Liska Tomas vs Dolezal Josef,Setka Cup Men,2026-08-29T11:30:00Z,1,0,0,False,False,,,,,,no_settlement_seen;thin_trading(<5 updates)
9f5e7ff5-0e9d-4915-a7d8-6b2870978bd0,TableTennis,Kolos Oleksandr vs Priadko Serhii,Setka Cup Men,2026-08-29T11:30:00Z,1,0,0,False,False,,,,,,no_settlement_seen;thin_trading(<5 updates)
ead57843-596f-4dff-a507-3da3473bd4d5,TableTennis,Kuzko Stanislav vs Tkalich Maksym,Setka Cup Men,2026-08-29T11:30:00Z,1,0,0,False,False,,,,,,no_settlement_seen;thin_trading(<5 updates)
4e0cd3f8-c3a0-4815-a1ce-96e2c97a26cf,TableTennis,Troian Andrii vs Kovshun Yaroslav,Setka Cup Men,2026-08-29T11:35:00Z,5,0,0,False,False,,,,,,no_settlement_seen
c52d41f8-bf73-4790-894c-c36ec4a2211e,TableTennis,Lazebnyi Ruslan vs Haiseniuk Ruslan,Setka Cup Men,2026-08-29T11:35:00Z,4,0,0,False,False,,,,,,no_settlement_seen;thin_trading(<5 updates)
7b28b646-cb82-4220-887f-da5008d99849,TableTennis,Varlamov Oleh vs Blashkun Oleksandr,Setka Cup Men,2026-08-29T11:40:00Z,3,0,0,False,False,,,,,,no_settlement_seen;thin_trading(<5 updates)
577d195c-296b-460b-86b0-c931b9a40aa6,TableTennis,Burylov Volodymyr vs Pisa Radovan,Setka Cup Men,2026-08-29T11:45:00Z,1,0,0,False,False,,,,,,no_settlement_seen;thin_trading(<5 updates)
2cab9767-688a-4d25-9130-3c374b6c3d75,TableTennis,Mukhin Vitalii vs Stukalov Vladyslav,Setka Cup Men,2026-08-29T11:50:00Z,1,0,0,False,False,,,,,,no_settlement_seen;thin_trading(<5 updates)
4b732528-5c64-4104-9d0a-03ecd88ed0d1,TableTennis,Rulc Lukas vs Makara Michal,Setka Cup Men,2026-08-29T12:00:00Z,1,0,0,False,False,,,,,,no_settlement_seen;thin_trading(<5 updates)
1d57184a-11d5-4ca0-ae0e-74c9831d886d,TableTennis,Zherykhin Stanislav vs Danylov Anton,Setka Cup Men,2026-08-29T12:00:00Z,1,0,0,False,False,,,,,,no_settlement_seen;thin_trading(<5 updates)
639e4466-469d-4cea-88b7-f32ae084e37f,TableTennis,Merzlikin Valerii vs Makovka Yaroslav,Setka Cup Men,2026-08-29T12:10:00Z,4,0,0,False,False,,,,,,no_settlement_seen;thin_trading(<5 updates)
2357930b-a0a0-424b-b1a8-a25f0a6f05cd,TableTennis,Stopin Oleh vs Ponomarenko Oleh,Setka Cup Men,2026-08-29T12:20:00Z,1,0,0,False,False,,,,,,no_settlement_seen;thin_trading(<5 updates)
89e983d5-9e13-4e33-9a61-864359a8bf18,TableTennis,Lysyi Anatoliy vs Levytskyi Oleksandr,Setka Cup Men,2026-08-29T12:30:00Z,1,0,0,False,False,,,,,,no_settlement_seen;thin_trading(<5 updates)
ef96d0b6-d35f-4e6a-8e6c-1fdd2329c525,TableTennis,Blashkun Oleksandr vs Zhyrnov Oleksandr,Setka Cup Men,2026-08-29T12:40:00Z,5,0,0,False,False,,,,,,no_settlement_seen
754f0b80-47df-4207-a1c9-ea246cdcc2fe,TableTennis,Semenets Serhii vs Khavanskyi Denys,Setka Cup Men,2026-08-29T12:50:00Z,1,0,0,False,False,,,,,,no_settlement_seen;thin_trading(<5 updates)
6a3e2cbb-9bcf-4151-a627-097d4e7e19b1,TableTennis,Yarovyi Viacheslav vs Danylov Anton,Setka Cup Men,2026-08-29T13:00:00Z,1,0,0,False,False,,,,,,no_settlement_seen;thin_trading(<5 updates)
bfe1d2fa-55c0-4602-a009-ae8111f6d147,TableTennis,Droshchynskyi Andrii vs Varlamov Oleh,Setka Cup Men,2026-08-29T13:10:00Z,5,0,0,False,False,,,,,,no_settlement_seen
b739de6f-4162-4024-9e3f-8a2516ce98b7,TableTennis,Zherykhin Stanislav vs Lysyi Anatoliy,Setka Cup Men,2026-08-29T13:30:00Z,1,0,0,False,False,,,,,,no_settlement_seen;thin_trading(<5 updates)
57c9392a-f533-46d3-880b-aab87d8c58ba,TableTennis,Merzlikin Valerii vs Blashkun Oleksandr,Setka Cup Men,2026-08-29T13:40:00Z,5,0,0,False,False,,,,,,no_settlement_seen
147fff21-a973-4240-bdb0-a65ef23d38f4,TableTennis,Yarovyi Viacheslav vs Levytskyi Oleksandr,Setka Cup Men,2026-08-29T14:00:00Z,1,0,0,False,False,,,,,,no_settlement_seen;thin_trading(<5 updates)
7062ed8f-bbc0-4a99-b95d-4132fd315579,TableTennis,Varlamov Oleh vs Makovka Yaroslav,Setka Cup Men,2026-08-29T14:10:00Z,3,0,0,False,False,,,,,,no_settlement_seen;thin_trading(<5 updates)
f56739f1-655a-4042-8317-4a4d2784c28d,TableTennis,Lysyi Anatoliy vs Danylov Anton,Setka Cup Men,2026-08-29T14:30:00Z,1,0,0,False,False,,,,,,no_settlement_seen;thin_trading(<5 updates)
3b8bb8a1-ea20-4059-9244-d0bbb3b91241,TableTennis,Droshchynskyi Andrii vs Zhyrnov Oleksandr,Setka Cup Men,2026-08-29T14:40:00Z,5,0,0,False,False,,,,,,no_settlement_seen
beaa2cd8-7fdd-494c-8cb4-f0e49a99911c,TableTennis,Zherykhin Stanislav vs Levytskyi Oleksandr,Setka Cup Men,2026-08-29T15:00:00Z,1,0,0,False,False,,,,,,no_settlement_seen;thin_trading(<5 updates)
4aa9cba4-50c0-4c92-b63f-bb3bc0c0dcb5,TableTennis,Merzlikin Valerii vs Varlamov Oleh,Setka Cup Men,2026-08-29T15:10:00Z,5,0,0,False,False,,,,,,no_settlement_seen
eb3e4639-095b-4a43-af5f-376611952f60,TableTennis,Yarovyi Viacheslav vs Lysyi Anatoliy,Setka Cup Men,2026-08-29T15:30:00Z,1,0,0,False,False,,,,,,no_settlement_seen;thin_trading(<5 updates)
78bc1325-a347-4ba3-93f6-7f4b8086b452,TableTennis,Droshchynskyi Andrii vs Blashkun Oleksandr,Setka Cup Men,2026-08-29T15:40:00Z,4,0,0,False,False,,,,,,no_settlement_seen;thin_trading(<5 updates)
059b8b61-d1ff-415a-aea5-39e3f7a243d4,TableTennis,Levytskyi Oleksandr vs Danylov Anton,Setka Cup Men,2026-08-29T16:00:00Z,1,0,0,False,False,,,,,,no_settlement_seen;thin_trading(<5 updates)
eb33aaff-f3a7-4e28-9642-a5adde930956,TableTennis,Makovka Yaroslav vs Zhyrnov Oleksandr,Setka Cup Men,2026-08-29T16:10:00Z,5,0,0,False,False,,,,,,no_settlement_seen
9323f66e-854e-4909-9a02-6720860e4381,TableTennis,Yarovyi Viacheslav vs Zherykhin Stanislav,Setka Cup Men,2026-08-29T16:30:00Z,1,0,0,False,False,,,,,,no_settlement_seen;thin_trading(<5 updates)
4b59db3e-ddd2-4a56-87ca-38e794407829,TableTennis,Merzlikin Valerii vs Droshchynskyi Andrii,Setka Cup Men,2026-08-29T16:40:00Z,5,0,0,False,False,,,,,,no_settlement_seen
e9cd192d-6869-4fd7-adf7-f24457c001c0,TableTennis,Varlamov Oleh vs Zhyrnov Oleksandr,Setka Cup Men,2026-08-29T17:10:00Z,1,0,0,False,False,,,,,,no_settlement_seen;thin_trading(<5 updates)
